first_publish_year,theme_label,weighted_popularity,book_count,year_weighted_popularity,popularity_share,scenario
1997,Dystopian / Post-Apocalyptic,12.836400988267304,5,578.4022177745666,0.022192862672027854,all_books
1997,Epic / High Fantasy,87.79727936926027,21,578.4022177745666,0.15179277788225812,all_books
1997,Middle Grade Fantasy,237.14964504009973,54,578.4022177745666,0.41000818764586633,all_books
1997,Mythology Adventure,14.371432865674217,4,578.4022177745666,0.024846780361543343,all_books
1997,Paranormal / Supernatural,60.62408316432206,18,578.4022177745666,0.10481301990434348,all_books
1997,Paranormal Romance,24.051577083652248,8,578.4022177745666,0.0415827884896292,all_books
1997,Romantasy,13.671196901090049,3,578.4022177745666,0.023636141911230407,all_books
1997,Science Fiction,127.90060236220067,35,578.4022177745666,0.22112744113310123,all_books
1998,Dystopian / Post-Apocalyptic,13.0934625647472,5,446.31534016517065,0.029336797072450217,all_books
1998,Epic / High Fantasy,68.3749189789459,16,446.31534016517065,0.15319867552309982,all_books
1998,Middle Grade Fantasy,183.63397279216298,41,446.31534016517065,0.4114444570159843,all_books
1998,Mythology Adventure,25.292531033412928,5,446.31534016517065,0.05666964309148049,all_books
1998,Paranormal / Supernatural,42.9215141169424,12,446.31534016517065,0.096168583632053,all_books
1998,Paranormal Romance,18.967979193468242,6,446.31534016517065,0.04249905276939091,all_books
1998,Science Fiction,94.03096148549099,24,446.31534016517065,0.2106827908955412,all_books
1999,Dystopian / Post-Apocalyptic,24.84034314091659,8,564.5152953178404,0.04400295855036253,all_books
1999,Epic / High Fantasy,58.80604779506904,14,564.5152953178404,0.1041708670833433,all_books
1999,Middle Grade Fantasy,276.21503071095015,57,564.5152953178404,0.4892959198836803,all_books
1999,Mythology Adventure,18.902142133501616,8,564.5152953178404,0.03348384408762405,all_books
1999,Paranormal / Supernatural,92.48231019465916,18,564.5152953178404,0.16382604857958477,all_books
1999,Paranormal Romance,5.549484911242736,2,564.5152953178404,0.009830530646859084,all_books
1999,Romantasy,2.2965418706367577,1,564.5152953178404,0.004068165893261989,all_books
1999,Science Fiction,85.42339456086425,27,564.5152953178404,0.15132166527528385,all_books
2000,Dystopian / Post-Apocalyptic,26.46675743537446,9,682.7619660175637,0.03876425277428769,all_books
2000,Epic / High Fantasy,84.57139891568697,21,682.7619660175637,0.12386659352010743,all_books
2000,Middle Grade Fantasy,325.31130738618674,75,682.7619660175637,0.47646372173258733,all_books
2000,Mythology Adventure,63.28041634745046,16,682.7619660175637,0.09268298396372976,all_books
2000,Paranormal / Supernatural,58.29577197886237,17,682.7619660175637,0.08538227798319208,all_books
2000,Paranormal Romance,19.210528395841067,6,682.7619660175637,0.028136494637937822,all_books
2000,Romantasy,3.167830241848858,1,682.7619660175637,0.004639728630940416,all_books
2000,Science Fiction,102.45795531631278,33,682.7619660175637,0.15006394675721743,all_books
2001,Dystopian / Post-Apocalyptic,24.619922830817522,8,822.041121796765,0.029949746038257632,all_books
2001,Epic / High Fantasy,107.76105525420479,29,822.041121796765,0.13108961631830238,all_books
2001,Middle Grade Fantasy,330.71287833566527,77,822.041121796765,0.40230697658143205,all_books
2001,Mythology Adventure,43.6305273288842,9,822.041121796765,0.05307584520044372,all_books
2001,Paranormal / Supernatural,126.9121513679392,34,822.041121796765,0.154386621304957,all_books
2001,Paranormal Romance,59.32563455101497,18,822.041121796765,0.07216869445818573,all_books
2001,Romantasy,7.107811230301374,2,822.041121796765,0.008646539743371444,all_books
2001,Science Fiction,121.9711408979376,36,822.041121796765,0.14837596035504996,all_books
2002,Dystopian / Post-Apocalyptic,25.982999034008337,9,929.5511107026593,0.02795220051360862,all_books
2002,Epic / High Fantasy,117.01312763015403,29,929.5511107026593,0.12588132732335972,all_books
2002,Middle Grade Fantasy,349.07340975970885,79,929.5511107026593,0.3755290115202379,all_books
2002,Mythology Adventure,33.23616370206949,7,929.5511107026593,0.03575506856954413,all_books
2002,Paranormal / Supernatural,126.84921652376619,33,929.5511107026593,0.13646287445978014,all_books
2002,Paranormal Romance,49.717465339815725,16,929.5511107026593,0.053485456331964006,all_books
2002,Romantasy,26.264635039436758,8,929.5511107026593,0.02825518116974008,all_books
2002,Science Fiction,201.4140936737,47,929.5511107026593,0.2166788801117655,all_books
2003,Dystopian / Post-Apocalyptic,33.70029350579655,12,1188.3164623840546,0.02835969589968104,all_books
2003,Epic / High Fantasy,212.59201848518717,55,1188.3164623840546,0.17890185419015014,all_books
2003,Middle Grade Fantasy,430.30446725490907,98,1188.3164623840546,0.36211268704601857,all_books
2003,Mythology Adventure,36.954424394195954,11,1188.3164623840546,0.031098133842273213,all_books
2003,Paranormal / Supernatural,145.60554138395506,35,1188.3164623840546,0.12253094692623763,all_books
2003,Paranormal Romance,47.341775444085165,15,1188.3164623840546,0.039839366820775955,all_books
2003,Romantasy,32.64202256720941,10,1188.3164623840546,0.02746913267676314,all_books
2003,Science Fiction,249.17591934871632,63,1188.3164623840546,0.20968818259810038,all_books
2004,Dystopian / Post-Apocalyptic,54.63298260785164,17,1113.1543011293522,0.04907943359911889,all_books
2004,Epic / High Fantasy,174.77632922593176,44,1113.1543011293522,0.1570099752106354,all_books
2004,Middle Grade Fantasy,401.3719774058643,90,1113.1543011293522,0.36057173475290155,all_books
2004,Mythology Adventure,52.9493724507124,13,1113.1543011293522,0.04756696569109291,all_books
2004,Paranormal / Supernatural,165.02521911030016,41,1113.1543011293522,0.14825008441585644,all_books
2004,Paranormal Romance,53.85290214580269,17,1113.1543011293522,0.04837864983422887,all_books
2004,Romantasy,31.70159674475286,10,1113.1543011293522,0.028479067738039515,all_books
2004,Science Fiction,178.8439214381365,49,1113.1543011293522,0.1606640887581265,all_books
2005,Dystopian / Post-Apocalyptic,33.657272947285485,11,1381.0140506993773,0.024371419632002053,all_books
2005,Epic / High Fantasy,199.17560017144723,49,1381.0140506993773,0.14422416634398477,all_books
2005,Middle Grade Fantasy,517.162339000145,111,1381.0140506993773,0.37448014286186454,all_books
2005,Mythology Adventure,75.13913401927822,17,1381.0140506993773,0.05440866729866074,all_books
2005,Paranormal / Supernatural,248.17376744922535,64,1381.0140506993773,0.17970401338316902,all_books
2005,Paranormal Romance,83.1474589586559,26,1381.0140506993773,0.06020754018870997,all_books
2005,Romantasy,37.94386214147318,11,1381.0140506993773,0.027475362848232817,all_books
2005,Science Fiction,186.61461601186681,47,1381.0140506993773,0.13512868744337603,all_books
2006,Dystopian / Post-Apocalyptic,58.13821696320752,19,1387.430075456374,0.04190352940423599,all_books
2006,Epic / High Fantasy,259.8343743972105,65,1387.430075456374,0.18727745563086629,all_books
2006,Middle Grade Fantasy,446.45342875346904,105,1387.430075456374,0.32178445361047475,all_books
2006,Mythology Adventure,63.97283915266267,17,1387.430075456374,0.04610887444660574,all_books
2006,Paranormal / Supernatural,204.53276464906315,57,1387.430075456374,0.14741843085806342,all_books
2006,Paranormal Romance,77.28573632629207,27,1387.430075456374,0.05570423886109727,all_books
2006,Romantasy,43.14440158261489,14,1387.430075456374,0.03109663135161835,all_books
2006,Science Fiction,234.06831363185404,62,1387.430075456374,0.1687063858370382,all_books
2007,Dystopian / Post-Apocalyptic,59.514917600962455,21,1831.97443260527,0.03248676211945036,all_books
2007,Epic / High Fantasy,279.9717941343203,76,1831.97443260527,0.15282516456093193,all_books
2007,Middle Grade Fantasy,663.3784091083451,149,1831.97443260527,0.3621111721329799,all_books
2007,Mythology Adventure,125.607397610571,30,1831.97443260527,0.06856394684064634,all_books
2007,Paranormal / Supernatural,254.85925008448055,67,1831.97443260527,0.13911725270207104,all_books
2007,Paranormal Romance,132.98790959706824,40,1831.97443260527,0.0725926668135563,all_books
2007,Romantasy,38.848228170971666,12,1831.97443260527,0.021205660668377993,all_books
2007,Science Fiction,276.8065262985506,65,1831.97443260527,0.15109737416198604,all_books
2008,Dystopian / Post-Apocalyptic,123.66270798758993,33,1987.9078994702386,0.06220746344463194,all_books
2008,Epic / High Fantasy,300.2535088890148,75,1987.9078994702386,0.15103994957162248,all_books
2008,Middle Grade Fantasy,588.5521530913754,137,1987.9078994702386,0.29606610711100845,all_books
2008,Mythology Adventure,52.8953736443087,13,1987.9078994702386,0.026608563534761792,all_books
2008,Paranormal / Supernatural,357.1172351018668,95,1987.9078994702386,0.1796447587924147,all_books
2008,Paranormal Romance,187.18753796063882,58,1987.9078994702386,0.09416308371757202,all_books
2008,Romantasy,43.216668612900264,12,1987.9078994702386,0.021739774073244116,all_books
2008,Science Fiction,335.0227141825439,84,1987.9078994702386,0.16853029975474454,all_books
2009,Dystopian / Post-Apocalyptic,121.0097097242684,34,2392.7944117772345,0.05057254778290339,all_books
2009,Epic / High Fantasy,332.60188868510767,79,2392.7944117772345,0.1390014482849237,all_books
2009,Middle Grade Fantasy,531.7977066744006,125,2392.7944117772345,0.22224964420550067,all_books
2009,Mythology Adventure,100.31255463241436,23,2392.7944117772345,0.041922763668571,all_books
2009,Paranormal / Supernatural,594.9500584430746,160,2392.7944117772345,0.24864236372116014,all_books
2009,Paranormal Romance,332.7551526407899,104,2392.7944117772345,0.1390655005724616,all_books
2009,Romantasy,36.22247551149283,12,2392.7944117772345,0.0151381478213119,all_books
2009,Science Fiction,343.1448654656863,93,2392.7944117772345,0.1434075839431677,all_books
2010,Dystopian / Post-Apocalyptic,170.27895581974155,55,3206.579706374019,0.053102985552257474,all_books
2010,Epic / High Fantasy,330.33447333492296,81,3206.579706374019,0.10301770221968477,all_books
2010,Middle Grade Fantasy,682.7247491572886,156,3206.579706374019,0.21291369985289077,all_books
2010,Mythology Adventure,133.9389025857529,34,3206.579706374019,0.04177002128452007,all_books
2010,Paranormal / Supernatural,786.6500328865039,228,3206.579706374019,0.24532371090692237,all_books
2010,Paranormal Romance,555.0756828164513,177,3206.579706374019,0.17310521915705862,all_books
2010,Romantasy,60.61237520331727,17,3206.579706374019,0.018902500718392362,all_books
2010,Science Fiction,486.9645345700408,127,3206.579706374019,0.15186416030827357,all_books
2011,Dystopian / Post-Apocalyptic,351.03596675873325,119,4449.673344758188,0.07889027790596387,all_books
2011,Epic / High Fantasy,488.7488792077697,120,4449.673344758188,0.10983927163631606,all_books
2011,Middle Grade Fantasy,519.8604807260904,113,4449.673344758188,0.11683115600800165,all_books
2011,Mythology Adventure,306.11553856352714,62,4449.673344758188,0.06879505861349078,all_books
2011,Paranormal / Supernatural,1132.972785693148,350,4449.673344758188,0.2546193165005729,all_books
2011,Paranormal Romance,834.122897996816,286,4449.673344758188,0.18745710827951695,all_books
2011,Romantasy,108.06991686520712,30,4449.673344758188,0.024287157391568042,all_books
2011,Science Fiction,708.7468789468969,204,4449.673344758188,0.1592806536645698,all_books
2012,Dystopian / Post-Apocalyptic,528.0209575152523,174,4742.257471266391,0.11134379790944746,all_books
2012,Epic / High Fantasy,532.9809142467757,127,4742.257471266391,0.11238970416012574,all_books
2012,Middle Grade Fantasy,562.319226573842,126,4742.257471266391,0.11857627511390226,all_books
2012,Mythology Adventure,290.30306176193943,66,4742.257471266391,0.06121621685893317,all_books
2012,Paranormal / Supernatural,1082.2214779898688,336,4742.257471266391,0.2282080811822451,all_books
2012,Paranormal Romance,770.6029489501897,269,4742.257471266391,0.16249707098767138,all_books
2012,Romantasy,129.3896511398544,38,4742.257471266391,0.02728440029328515,all_books
2012,Science Fiction,846.4192330886682,243,4742.257471266391,0.17848445349438968,all_books
2013,Dystopian / Post-Apocalyptic,497.7072717927216,163,3786.254621377645,0.13145108334305014,all_books
2013,Epic / High Fantasy,318.1422978450016,75,3786.254621377645,0.0840255951220851,all_books
2013,Middle Grade Fantasy,495.1409986087811,103,3786.254621377645,0.13077329660112028,all_books
2013,Mythology Adventure,256.5197077994272,53,3786.254621377645,0.06775025280948786,all_books
2013,Paranormal / Supernatural,893.6807150712312,263,3786.254621377645,0.23603291496176812,all_books
2013,Paranormal Romance,547.367204368287,193,3786.254621377645,0.14456692935487925,all_books
2013,Romantasy,75.57024304455881,20,3786.254621377645,0.01995910222674413,all_books
2013,Science Fiction,702.1261828476366,213,3786.254621377645,0.1854408255808652,all_books
2014,Dystopian / Post-Apocalyptic,419.17347079380556,130,2937.982450295114,0.14267391922361566,all_books
2014,Epic / High Fantasy,375.3971470082398,90,2937.982450295114,0.1277737880873087,all_books
2014,Middle Grade Fantasy,389.2847887187312,87,2937.982450295114,0.13250071955999204,all_books
2014,Mythology Adventure,109.91466560979865,29,2937.982450295114,0.03741161408188737,all_books
2014,Paranormal / Supernatural,604.75068103006,171,2937.982450295114,0.20583876563636863,all_books
2014,Paranormal Romance,349.91958589795087,121,2937.982450295114,0.11910200003502477,all_books
2014,Romantasy,92.47784972103432,26,2937.982450295114,0.03147665150680022,all_books
2014,Science Fiction,597.0642615154937,171,2937.982450295114,0.20322254186900263,all_books
2015,Dystopian / Post-Apocalyptic,320.14451354802486,100,2473.78544796665,0.12941482609624474,all_books
2015,Epic / High Fantasy,413.31969628946507,93,2473.78544796665,0.16707984786198693,all_books
2015,Middle Grade Fantasy,371.8049427836407,85,2473.78544796665,0.1502979747452428,all_books
2015,Mythology Adventure,86.58032514837919,21,2473.78544796665,0.03499912460862144,all_books
2015,Paranormal / Supernatural,513.2684821452164,137,2473.78544796665,0.2074830226554619,all_books
2015,Paranormal Romance,239.10266621046574,83,2473.78544796665,0.0966545689752514,all_books
2015,Romantasy,60.551704085276015,18,2473.78544796665,0.02447734670565187,all_books
2015,Science Fiction,469.01311775618194,131,2473.78544796665,0.18959328835153894,all_books
2016,Dystopian / Post-Apocalyptic,237.05179236798216,71,1792.535124135821,0.13224387582489605,all_books
2016,Epic / High Fantasy,414.49790360333947,93,1792.535124135821,0.2312355825123195,all_books
2016,Middle Grade Fantasy,342.9492590812185,77,1792.535124135821,0.19132080284705935,all_books
2016,Mythology Adventure,59.34878655987588,16,1792.535124135821,0.033108855587132696,all_books
2016,Paranormal / Supernatural,204.78496846489037,59,1792.535124135821,0.11424321102975149,all_books
2016,Paranormal Romance,85.96878695890159,33,1792.535124135821,0.047959331898919995,all_books
2016,Romantasy,65.41737137462079,18,1792.535124135821,0.03649433168354702,all_books
2016,Science Fiction,382.5162557249922,100,1792.535124135821,0.2133940086163739,all_books
2017,Dystopian / Post-Apocalyptic,134.30520560283838,41,1366.0141303568769,0.09831904562198825,all_books
2017,Epic / High Fantasy,319.3586807240371,75,1366.0141303568769,0.2337887095213307,all_books
2017,Middle Grade Fantasy,228.56969782181727,52,1366.0141303568769,0.16732601277126063,all_books
2017,Mythology Adventure,72.01407251312008,20,1366.0141303568769,0.052718395009798406,all_books
2017,Paranormal / Supernatural,148.6442935931614,43,1366.0141303568769,0.10881607319415317,all_books
2017,Paranormal Romance,60.67532398911976,22,1366.0141303568769,0.0444177864933711,all_books
2017,Romantasy,71.05210155800667,21,1366.0141303568769,0.05201417758353935,all_books
2017,Science Fiction,331.39475455477617,81,1366.0141303568769,0.2425997998045583,all_books
2018,Dystopian / Post-Apocalyptic,131.98235656333028,38,1131.59789017998,0.11663361845110773,all_books
2018,Epic / High Fantasy,253.19535426164336,55,1131.59789017998,0.2237502883832461,all_books
2018,Middle Grade Fantasy,221.71884204495672,50,1131.59789017998,0.19593430137068607,all_books
2018,Mythology Adventure,31.613279350479317,9,1131.59789017998,0.027936848968012167,all_books
2018,Paranormal / Supernatural,184.97708584691355,46,1131.59789017998,0.16346538593978208,all_books
2018,Paranormal Romance,53.27786128654619,18,1131.59789017998,0.04708197297723168,all_books
2018,Romantasy,44.58710182557009,14,1131.59789017998,0.03940189550766884,all_books
2018,Science Fiction,210.2460090005404,51,1131.59789017998,0.18579568840226532,all_books
2019,Dystopian / Post-Apocalyptic,86.27816407255641,28,739.6361044083654,0.11664947608468933,all_books
2019,Epic / High Fantasy,193.52351424656771,43,739.6361044083654,0.2616469275811882,all_books
2019,Middle Grade Fantasy,112.55263722346945,28,739.6361044083654,0.1521729895993926,all_books
2019,Mythology Adventure,31.213399218466666,8,739.6361044083654,0.042201021600256045,all_books
2019,Paranormal / Supernatural,58.32589937897643,15,739.6361044083654,0.07885756121333651,all_books
2019,Paranormal Romance,22.260258240404678,8,739.6361044083654,0.030096229899716224,all_books
2019,Romantasy,50.617588486589554,14,739.6361044083654,0.06843579996284598,all_books
2019,Science Fiction,184.86464354133452,46,739.6361044083654,0.24993999405857514,all_books
2020,Dystopian / Post-Apocalyptic,24.501893438000177,9,311.06138839141533,0.07876867509884869,all_books
2020,Epic / High Fantasy,83.99963837939518,20,311.06138839141533,0.27004199657752637,all_books
2020,Middle Grade Fantasy,57.07370341049779,14,311.06138839141533,0.18348051394498602,all_books
2020,Mythology Adventure,13.063001807272073,4,311.06138839141533,0.041994931851955256,all_books
2020,Paranormal / Supernatural,41.92526079455814,11,311.06138839141533,0.13478130799635818,all_books
2020,Paranormal Romance,24.475235249676185,8,311.06138839141533,0.07868297436799987,all_books
2020,Romantasy,12.627377982446227,4,311.06138839141533,0.040594488591933243,all_books
2020,Science Fiction,53.39527732956954,14,311.06138839141533,0.17165511157039232,all_books
2021,Epic / High Fantasy,17.697465323139173,3,29.809636614963797,0.5936826923363241,all_books
2021,Middle Grade Fantasy,2.903960894009653,1,29.809636614963797,0.09741684984351427,all_books
2021,Mythology Adventure,2.903960894009653,1,29.809636614963797,0.09741684984351427,all_books
2021,Paranormal / Supernatural,3.152124751902658,1,29.809636614963797,0.10574180398832367,all_books
2021,Paranormal Romance,3.152124751902658,1,29.809636614963797,0.10574180398832367,all_books
1997,Dystopian / Post-Apocalyptic,12.836400988267304,5,550.9642213749825,0.023298066353987328,top_1pct_removed
1997,Epic / High Fantasy,87.79727936926027,21,550.9642213749825,0.1593520522079528,top_1pct_removed
1997,Middle Grade Fantasy,214.005426448415,51,550.9642213749825,0.3884198250012397,top_1pct_removed
1997,Mythology Adventure,14.371432865674217,4,550.9642213749825,0.02608414903931324,top_1pct_removed
1997,Paranormal / Supernatural,60.62408316432206,18,550.9642213749825,0.11003270414370832,top_1pct_removed
1997,Paranormal Romance,24.051577083652248,8,550.9642213749825,0.043653609709228124,top_1pct_removed
1997,Romantasy,13.671196901090049,3,550.9642213749825,0.024813220842130737,top_1pct_removed
1997,Science Fiction,123.60682455430137,34,550.9642213749825,0.22434637270243982,top_1pct_removed
1998,Dystopian / Post-Apocalyptic,13.0934625647472,5,436.61242677914197,0.029988753781784727,top_1pct_removed
1998,Epic / High Fantasy,68.3749189789459,16,436.61242677914197,0.15660323615464336,top_1pct_removed
1998,Middle Grade Fantasy,173.93105940613432,40,436.61242677914197,0.3983648855100416,top_1pct_removed
1998,Mythology Adventure,25.292531033412928,5,436.61242677914197,0.0579290223597026,top_1pct_removed
1998,Paranormal / Supernatural,42.9215141169424,12,436.61242677914197,0.09830575467943338,top_1pct_removed
1998,Paranormal Romance,18.967979193468242,6,436.61242677914197,0.043443516560885916,top_1pct_removed
1998,Science Fiction,94.03096148549099,24,436.61242677914197,0.21536483095350845,top_1pct_removed
1999,Dystopian / Post-Apocalyptic,24.84034314091659,8,554.55403324451,0.044793368457865246,top_1pct_removed
1999,Epic / High Fantasy,58.80604779506904,14,554.55403324451,0.10604205229743717,top_1pct_removed
1999,Middle Grade Fantasy,266.2537686376198,56,554.55403324451,0.48012231933443555,top_1pct_removed
1999,Mythology Adventure,18.902142133501616,8,554.55403324451,0.03408530278449425,top_1pct_removed
1999,Paranormal / Supernatural,92.48231019465916,18,554.55403324451,0.1667687991620512,top_1pct_removed
1999,Paranormal Romance,5.549484911242736,2,554.55403324451,0.010007113064843398,top_1pct_removed
1999,Romantasy,2.2965418706367577,1,554.55403324451,0.004141240948515801,top_1pct_removed
1999,Science Fiction,85.42339456086425,27,554.55403324451,0.1540398039503573,top_1pct_removed
2000,Dystopian / Post-Apocalyptic,26.46675743537446,9,664.2679399935333,0.03984349664027458,top_1pct_removed
2000,Epic / High Fantasy,84.57139891568697,21,664.2679399935333,0.12731518988634358,top_1pct_removed
2000,Middle Grade Fantasy,311.1270358293746,73,664.2679399935333,0.4683758120742715,top_1pct_removed
2000,Mythology Adventure,63.28041634745046,16,664.2679399935333,0.0952633907758163,top_1pct_removed
2000,Paranormal / Supernatural,58.29577197886237,17,664.2679399935333,0.0877594242760382,top_1pct_removed
2000,Paranormal Romance,19.210528395841067,6,664.2679399935333,0.028919848812857175,top_1pct_removed
2000,Romantasy,3.167830241848858,1,664.2679399935333,0.004768904309727332,top_1pct_removed
2000,Science Fiction,98.14820084909452,32,664.2679399935333,0.14775393322467134,top_1pct_removed
2001,Dystopian / Post-Apocalyptic,24.619922830817522,8,822.041121796765,0.029949746038257632,top_1pct_removed
2001,Epic / High Fantasy,107.76105525420479,29,822.041121796765,0.13108961631830238,top_1pct_removed
2001,Middle Grade Fantasy,330.71287833566527,77,822.041121796765,0.40230697658143205,top_1pct_removed
2001,Mythology Adventure,43.6305273288842,9,822.041121796765,0.05307584520044372,top_1pct_removed
2001,Paranormal / Supernatural,126.9121513679392,34,822.041121796765,0.154386621304957,top_1pct_removed
2001,Paranormal Romance,59.32563455101497,18,822.041121796765,0.07216869445818573,top_1pct_removed
2001,Romantasy,7.107811230301374,2,822.041121796765,0.008646539743371444,top_1pct_removed
2001,Science Fiction,121.9711408979376,36,822.041121796765,0.14837596035504996,top_1pct_removed
2002,Dystopian / Post-Apocalyptic,25.982999034008337,9,920.5548749905188,0.028225366830278258,top_1pct_removed
2002,Epic / High Fantasy,112.51500977408375,28,920.5548749905188,0.12222520659101674,top_1pct_removed
2002,Middle Grade Fantasy,344.5752919036386,78,920.5548749905188,0.3743126034797084,top_1pct_removed
2002,Mythology Adventure,33.23616370206949,7,920.5548749905188,0.036104489373772315,top_1pct_removed
2002,Paranormal / Supernatural,126.84921652376619,33,920.5548749905188,0.13779647468063505,top_1pct_removed
2002,Paranormal Romance,49.717465339815725,16,920.5548749905188,0.05400814953082269,top_1pct_removed
2002,Romantasy,26.264635039436758,8,920.5548749905188,0.028531308402127867,top_1pct_removed
2002,Science Fiction,201.4140936737,47,920.5548749905188,0.21879640111163873,top_1pct_removed
2003,Dystopian / Post-Apocalyptic,33.70029350579655,12,1178.0357308957202,0.02860719129476023,top_1pct_removed
2003,Epic / High Fantasy,212.59201848518717,55,1178.0357308957202,0.18046313274686726,top_1pct_removed
2003,Middle Grade Fantasy,420.02373576657453,97,1178.0357308957202,0.35654583706659665,top_1pct_removed
2003,Mythology Adventure,36.954424394195954,11,1178.0357308957202,0.03136952761704234,top_1pct_removed
2003,Paranormal / Supernatural,145.60554138395506,35,1178.0357308957202,0.12360027592137955,top_1pct_removed
2003,Paranormal Romance,47.341775444085165,15,1178.0357308957202,0.040187045437143756,top_1pct_removed
2003,Romantasy,32.64202256720941,10,1178.0357308957202,0.0277088561162657,top_1pct_removed
2003,Science Fiction,249.17591934871632,63,1178.0357308957202,0.21151813379994447,top_1pct_removed
2004,Dystopian / Post-Apocalyptic,54.63298260785164,17,1113.1543011293522,0.04907943359911889,top_1pct_removed
2004,Epic / High Fantasy,174.77632922593176,44,1113.1543011293522,0.1570099752106354,top_1pct_removed
2004,Middle Grade Fantasy,401.3719774058643,90,1113.1543011293522,0.36057173475290155,top_1pct_removed
2004,Mythology Adventure,52.9493724507124,13,1113.1543011293522,0.04756696569109291,top_1pct_removed
2004,Paranormal / Supernatural,165.02521911030016,41,1113.1543011293522,0.14825008441585644,top_1pct_removed
2004,Paranormal Romance,53.85290214580269,17,1113.1543011293522,0.04837864983422887,top_1pct_removed
2004,Romantasy,31.70159674475286,10,1113.1543011293522,0.028479067738039515,top_1pct_removed
2004,Science Fiction,178.8439214381365,49,1113.1543011293522,0.1606640887581265,top_1pct_removed
2005,Dystopian / Post-Apocalyptic,33.657272947285485,11,1352.0400492476194,0.02489369524668668,top_1pct_removed
2005,Epic / High Fantasy,199.17560017144723,49,1352.0400492476194,0.14731486710196498,top_1pct_removed
2005,Middle Grade Fantasy,502.4565394874103,109,1352.0400492476194,0.37162844382236776,top_1pct_removed
2005,Mythology Adventure,70.28685023098778,16,1352.0400492476194,0.051985775325295185,top_1pct_removed
2005,Paranormal / Supernatural,243.46580837385903,63,1352.0400492476194,0.18007292647088555,top_1pct_removed
2005,Paranormal Romance,78.4394998832896,25,1352.0400492476194,0.058015663017481955,top_1pct_removed
2005,Romantasy,37.94386214147318,11,1352.0400492476194,0.028064155468314794,top_1pct_removed
2005,Science Fiction,186.61461601186681,47,1352.0400492476194,0.1380244735470031,top_1pct_removed
2006,Dystopian / Post-Apocalyptic,58.13821696320752,19,1369.3972361169936,0.04245533394536552,top_1pct_removed
2006,Epic / High Fantasy,250.88853016013786,64,1369.3972361169936,0.1832109219612178,top_1pct_removed
2006,Middle Grade Fantasy,441.90993120231514,104,1369.3972361169936,0.3227039748198826,top_1pct_removed
2006,Mythology Adventure,59.42934160150875,16,1369.3972361169936,0.04339817551408542,top_1pct_removed
2006,Paranormal / Supernatural,204.53276464906315,57,1369.3972361169936,0.14935970312677704,top_1pct_removed
2006,Paranormal Romance,77.28573632629207,27,1369.3972361169936,0.05643777735775218,top_1pct_removed
2006,Romantasy,43.14440158261489,14,1369.3972361169936,0.03150612579367648,top_1pct_removed
2006,Science Fiction,234.06831363185404,62,1369.3972361169936,0.17092798748124285,top_1pct_removed
2007,Dystopian / Post-Apocalyptic,59.514917600962455,21,1785.0234573661824,0.033341252382631,top_1pct_removed
2007,Epic / High Fantasy,279.9717941343203,76,1785.0234573661824,0.15684488233416335,top_1pct_removed
2007,Middle Grade Fantasy,639.6161759579109,146,1785.0234573661824,0.3583236810241531,top_1pct_removed
2007,Mythology Adventure,121.01767984732142,29,1785.0234573661824,0.06779612858751115,top_1pct_removed
2007,Paranormal / Supernatural,245.55973792177863,65,1785.0234573661824,0.1375666728123025,top_1pct_removed
2007,Paranormal Romance,123.68839743436632,38,1785.0234573661824,0.06929230925450673,top_1pct_removed
2007,Romantasy,38.848228170971666,12,1785.0234573661824,0.02176342725954569,top_1pct_removed
2007,Science Fiction,276.8065262985506,65,1785.0234573661824,0.15507164634518641,top_1pct_removed
2008,Dystopian / Post-Apocalyptic,113.99676449294671,31,1915.4639728602745,0.05951391731096909,top_1pct_removed
2008,Epic / High Fantasy,293.05413213428966,73,1915.4639728602745,0.15299381052658764,top_1pct_removed
2008,Middle Grade Fantasy,579.5945246647047,135,1915.4639728602745,0.30258701436144625,top_1pct_removed
2008,Mythology Adventure,48.27322547864305,12,1915.4639728602745,0.025201844651016252,top_1pct_removed
2008,Paranormal / Supernatural,340.9382499790875,91,1915.4639728602745,0.17799251503017313,top_1pct_removed
2008,Paranormal Romance,175.34403309886466,55,1915.4639728602745,0.09154128481833644,top_1pct_removed
2008,Romantasy,38.906272323837435,11,1915.4639728602745,0.02031167010974395,top_1pct_removed
2008,Science Fiction,325.3567706879007,82,1915.4639728602745,0.16985794319172726,top_1pct_removed
2009,Dystopian / Post-Apocalyptic,111.83940891291118,32,2338.459259196325,0.04782610963739767,top_1pct_removed
2009,Epic / High Fantasy,332.60188868510767,79,2338.459259196325,0.14223120945002707,top_1pct_removed
2009,Middle Grade Fantasy,527.1030037815899,124,2338.459259196325,0.22540610947515208,top_1pct_removed
2009,Mythology Adventure,95.61785173960368,22,2338.459259196325,0.04088925276913541,top_1pct_removed
2009,Paranormal / Supernatural,581.6474858567876,157,2338.459259196325,0.24873107520234777,top_1pct_removed
2009,Paranormal Romance,319.45258005450296,101,2338.459259196325,0.13660814435753374,top_1pct_removed
2009,Romantasy,36.22247551149283,12,2338.459259196325,0.015489889494137122,top_1pct_removed
2009,Science Fiction,333.9745646543291,91,2338.459259196325,0.14281820961426905,top_1pct_removed
2010,Dystopian / Post-Apocalyptic,165.7622521651398,54,3170.3010185674384,0.052285966283429665,top_1pct_removed
2010,Epic / High Fantasy,312.1656987795697,79,3170.3010185674384,0.09846563368945571,top_1pct_removed
2010,Middle Grade Fantasy,678.1864961862766,155,3170.3010185674384,0.21391864438561364,top_1pct_removed
2010,Mythology Adventure,129.40064961474096,33,3170.3010185674384,0.040816518323302034,top_1pct_removed
2010,Paranormal / Supernatural,786.6500328865039,228,3170.3010185674384,0.24813102234751416,top_1pct_removed
2010,Paranormal Romance,555.0756828164513,177,3170.3010185674384,0.17508611313738054,top_1pct_removed
2010,Romantasy,60.61237520331727,17,3170.3010185674384,0.019118807598499318,top_1pct_removed
2010,Science Fiction,482.44783091543906,126,3170.3010185674384,0.152177294234805,top_1pct_removed
2011,Dystopian / Post-Apocalyptic,337.31686007930216,116,4377.990684967258,0.07704832749817166,top_1pct_removed
2011,Epic / High Fantasy,485.7525311006119,119,4377.990684967258,0.11095330393656257,top_1pct_removed
2011,Middle Grade Fantasy,516.8641326189326,112,4377.990684967258,0.11805966933499724,top_1pct_removed
2011,Mythology Adventure,303.1191904563693,61,4377.990684967258,0.0692370569670676,top_1pct_removed
2011,Paranormal / Supernatural,1119.7397667337507,347,4377.990684967258,0.25576568049324777,top_1pct_removed
2011,Paranormal Romance,825.1865109720866,284,4377.990684967258,0.18848521396026177,top_1pct_removed
2011,Romantasy,108.06991686520712,30,4377.990684967258,0.024684821106698028,top_1pct_removed
2011,Science Fiction,681.9417761409974,199,4377.990684967258,0.1557659267029933,top_1pct_removed
2012,Dystopian / Post-Apocalyptic,514.6063031917271,171,4688.666025657282,0.10975537612952221,top_1pct_removed
2012,Epic / High Fantasy,525.5225654295975,125,4688.666025657282,0.11208359958969928,top_1pct_removed
2012,Middle Grade Fantasy,559.3177145358551,125,4688.666025657282,0.11929143843369543,top_1pct_removed
2012,Mythology Adventure,287.30154972395246,65,4688.666025657282,0.06127575479929326,top_1pct_removed
2012,Paranormal / Supernatural,1077.7995143450116,335,4688.666025657282,0.22987338156462528,top_1pct_removed
2012,Paranormal Romance,766.1809853053323,268,4688.666025657282,0.16341129462253073,top_1pct_removed
2012,Romantasy,124.9328143606632,37,4688.666025657282,0.026645705553990585,top_1pct_removed
2012,Science Fiction,833.0045787651428,240,4688.666025657282,0.1776634493066432,top_1pct_removed
2013,Dystopian / Post-Apocalyptic,493.4347961713716,162,3750.8045752703692,0.13155438687066318,top_1pct_removed
2013,Epic / High Fantasy,313.7401446081859,74,3750.8045752703692,0.08364609200829147,top_1pct_removed
2013,Middle Grade Fantasy,490.69752578221,102,3750.8045752703692,0.13082460467747484,top_1pct_removed
2013,Mythology Adventure,252.076234972856,52,3750.8045752703692,0.06720591006922444,top_1pct_removed
2013,Paranormal / Supernatural,889.07379370233,262,3750.8045752703692,0.23703548821608306,top_1pct_removed
2013,Paranormal Romance,542.7602829993858,192,3750.8045752703692,0.14470502850985298,top_1pct_removed
2013,Romantasy,71.16808980774309,19,3750.8045752703692,0.01897408632722836,top_1pct_removed
2013,Science Fiction,697.8537072262867,212,3750.8045752703692,0.18605440332118164,top_1pct_removed
2014,Dystopian / Post-Apocalyptic,410.54025191039307,128,2903.07580510421,0.14141561553045845,top_1pct_removed
2014,Epic / High Fantasy,370.9947731523375,89,2903.07580510421,0.12779369126360796,top_1pct_removed
2014,Middle Grade Fantasy,389.2847887187312,87,2903.07580510421,0.13409391102853316,top_1pct_removed
2014,Mythology Adventure,109.91466560979865,29,2903.07580510421,0.03786145212486214,top_1pct_removed
2014,Paranormal / Supernatural,600.3329511739225,170,2903.07580510421,0.2067920341998692,top_1pct_removed
2014,Paranormal Romance,345.5018560418134,120,2903.07580510421,0.11901234388518186,top_1pct_removed
2014,Romantasy,88.075475865132,25,2903.07580510421,0.030338675865878885,top_1pct_removed
2014,Science Fiction,588.4310426320814,169,2903.07580510421,0.2026922761016083,top_1pct_removed
2015,Dystopian / Post-Apocalyptic,320.14451354802486,100,2447.481761764267,0.13080567894293468,top_1pct_removed
2015,Epic / High Fantasy,395.7744520903863,90,2447.481761764267,0.16170680340640917,top_1pct_removed
2015,Middle Grade Fantasy,371.8049427836407,85,2447.481761764267,0.1519132639074806,top_1pct_removed
2015,Mythology Adventure,86.58032514837919,21,2447.481761764267,0.03537526877665792,top_1pct_removed
2015,Paranormal / Supernatural,513.2684821452164,137,2447.481761764267,0.2097128935396956,top_1pct_removed
2015,Paranormal Romance,239.10266621046574,83,2447.481761764267,0.09769333931138617,top_1pct_removed
2015,Romantasy,51.79326208197206,16,2447.481761764267,0.021161858237765535,top_1pct_removed
2015,Science Fiction,469.01311775618194,131,2447.481761764267,0.19163089387767035,top_1pct_removed
2016,Dystopian / Post-Apocalyptic,237.05179236798216,71,1766.1091015723975,0.13422262087711956,top_1pct_removed
2016,Epic / High Fantasy,396.96549917462795,90,1766.1091015723975,0.22476838991498468,top_1pct_removed
2016,Middle Grade Fantasy,342.9492590812185,77,1766.1091015723975,0.19418350699619,top_1pct_removed
2016,Mythology Adventure,59.34878655987588,16,1766.1091015723975,0.033604258370582334,top_1pct_removed
2016,Paranormal / Supernatural,204.78496846489037,59,1766.1091015723975,0.11595261486539352,top_1pct_removed
2016,Paranormal Romance,85.96878695890159,33,1766.1091015723975,0.048676940106566514,top_1pct_removed
2016,Romantasy,56.523753239908935,16,1766.1091015723975,0.03200467807429612,top_1pct_removed
2016,Science Fiction,382.5162557249922,100,1766.1091015723975,0.2165869907948673,top_1pct_removed
2017,Dystopian / Post-Apocalyptic,134.30520560283838,41,1357.4537114526238,0.09893906839675376,top_1pct_removed
2017,Epic / High Fantasy,310.798261819784,74,1357.4537114526238,0.2289568028711608,top_1pct_removed
2017,Middle Grade Fantasy,228.56969782181727,52,1357.4537114526238,0.16838120953474187,top_1pct_removed
2017,Mythology Adventure,72.01407251312008,20,1357.4537114526238,0.05305084947320757,top_1pct_removed
2017,Paranormal / Supernatural,148.6442935931614,43,1357.4537114526238,0.10950229266683116,top_1pct_removed
2017,Paranormal Romance,60.67532398911976,22,1357.4537114526238,0.044697895388411096,top_1pct_removed
2017,Romantasy,71.05210155800667,21,1357.4537114526238,0.05234219108802845,top_1pct_removed
2017,Science Fiction,331.39475455477617,81,1357.4537114526238,0.24412969058086523,top_1pct_removed
2018,Dystopian / Post-Apocalyptic,131.98235656333028,38,1131.59789017998,0.11663361845110773,top_1pct_removed
2018,Epic / High Fantasy,253.19535426164336,55,1131.59789017998,0.2237502883832461,top_1pct_removed
2018,Middle Grade Fantasy,221.71884204495672,50,1131.59789017998,0.19593430137068607,top_1pct_removed
2018,Mythology Adventure,31.613279350479317,9,1131.59789017998,0.027936848968012167,top_1pct_removed
2018,Paranormal / Supernatural,184.97708584691355,46,1131.59789017998,0.16346538593978208,top_1pct_removed
2018,Paranormal Romance,53.27786128654619,18,1131.59789017998,0.04708197297723168,top_1pct_removed
2018,Romantasy,44.58710182557009,14,1131.59789017998,0.03940189550766884,top_1pct_removed
2018,Science Fiction,210.2460090005404,51,1131.59789017998,0.18579568840226532,top_1pct_removed
2019,Dystopian / Post-Apocalyptic,86.27816407255641,28,739.6361044083654,0.11664947608468933,top_1pct_removed
2019,Epic / High Fantasy,193.52351424656771,43,739.6361044083654,0.2616469275811882,top_1pct_removed
2019,Middle Grade Fantasy,112.55263722346945,28,739.6361044083654,0.1521729895993926,top_1pct_removed
2019,Mythology Adventure,31.213399218466666,8,739.6361044083654,0.042201021600256045,top_1pct_removed
2019,Paranormal / Supernatural,58.32589937897643,15,739.6361044083654,0.07885756121333651,top_1pct_removed
2019,Paranormal Romance,22.260258240404678,8,739.6361044083654,0.030096229899716224,top_1pct_removed
2019,Romantasy,50.617588486589554,14,739.6361044083654,0.06843579996284598,top_1pct_removed
2019,Science Fiction,184.86464354133452,46,739.6361044083654,0.24993999405857514,top_1pct_removed
2020,Dystopian / Post-Apocalyptic,24.501893438000177,9,311.06138839141533,0.07876867509884869,top_1pct_removed
2020,Epic / High Fantasy,83.99963837939518,20,311.06138839141533,0.27004199657752637,top_1pct_removed
2020,Middle Grade Fantasy,57.07370341049779,14,311.06138839141533,0.18348051394498602,top_1pct_removed
2020,Mythology Adventure,13.063001807272073,4,311.06138839141533,0.041994931851955256,top_1pct_removed
2020,Paranormal / Supernatural,41.92526079455814,11,311.06138839141533,0.13478130799635818,top_1pct_removed
2020,Paranormal Romance,24.475235249676185,8,311.06138839141533,0.07868297436799987,top_1pct_removed
2020,Romantasy,12.627377982446227,4,311.06138839141533,0.040594488591933243,top_1pct_removed
2020,Science Fiction,53.39527732956954,14,311.06138839141533,0.17165511157039232,top_1pct_removed
2021,Epic / High Fantasy,17.697465323139173,3,29.809636614963797,0.5936826923363241,top_1pct_removed
2021,Middle Grade Fantasy,2.903960894009653,1,29.809636614963797,0.09741684984351427,top_1pct_removed
2021,Mythology Adventure,2.903960894009653,1,29.809636614963797,0.09741684984351427,top_1pct_removed
2021,Paranormal / Supernatural,3.152124751902658,1,29.809636614963797,0.10574180398832367,top_1pct_removed
2021,Paranormal Romance,3.152124751902658,1,29.809636614963797,0.10574180398832367,top_1pct_removed
1997,Dystopian / Post-Apocalyptic,12.836400988267304,5,576.5934021206389,0.022262483304624395,top_1pct_capped
1997,Epic / High Fantasy,87.79727936926027,21,576.5934021206389,0.15226896292318431,top_1pct_capped
1997,Middle Grade Fantasy,235.3630770697953,54,576.5934021206389,0.40819592489986734,top_1pct_capped
1997,Mythology Adventure,14.371432865674217,4,576.5934021206389,0.024924726527944776,top_1pct_capped
1997,Paranormal / Supernatural,60.62408316432206,18,576.5934021206389,0.10514182601006916,top_1pct_capped
1997,Paranormal Romance,24.051577083652248,8,576.5934021206389,0.041713236737003126,top_1pct_capped
1997,Romantasy,13.671196901090049,3,576.5934021206389,0.02371029021631029,top_1pct_capped
1997,Science Fiction,127.87835467857742,35,576.5934021206389,0.22178254938099662,top_1pct_capped
1998,Dystopian / Post-Apocalyptic,13.0934625647472,5,445.1554870276941,0.029413234131229808,top_1pct_capped
1998,Epic / High Fantasy,68.3749189789459,16,445.1554870276941,0.15359783484976372,top_1pct_capped
1998,Middle Grade Fantasy,182.47411965468643,41,445.1554870276941,0.4099109748664837,top_1pct_capped
1998,Mythology Adventure,25.292531033412928,5,445.1554870276941,0.056817295912247004,top_1pct_capped
1998,Paranormal / Supernatural,42.9215141169424,12,445.1554870276941,0.09641915098818529,top_1pct_capped
1998,Paranormal Romance,18.967979193468242,6,445.1554870276941,0.04260978410064662,top_1pct_capped
1998,Science Fiction,94.03096148549099,24,445.1554870276941,0.2112317251514438,top_1pct_capped
1999,Dystopian / Post-Apocalyptic,24.84034314091659,8,563.0970934930622,0.04411378326750792,top_1pct_capped
1999,Epic / High Fantasy,58.80604779506904,14,563.0970934930622,0.10443322914397814,top_1pct_capped
1999,Middle Grade Fantasy,274.79682888617197,57,563.0970934930622,0.4880096737518637,top_1pct_capped
1999,Mythology Adventure,18.902142133501616,8,563.0970934930622,0.033568175634233685,top_1pct_capped
1999,Paranormal / Supernatural,92.48231019465916,18,563.0970934930622,0.16423865664261084,top_1pct_capped
1999,Paranormal Romance,5.549484911242736,2,563.0970934930622,0.009855289567945728,top_1pct_capped
1999,Romantasy,2.2965418706367577,1,563.0970934930622,0.004078411871016083,top_1pct_capped
1999,Science Fiction,85.42339456086425,27,563.0970934930622,0.15170278012084384,top_1pct_capped
2000,Dystopian / Post-Apocalyptic,26.46675743537446,9,681.3540604906376,0.038844352694274636,top_1pct_capped
2000,Epic / High Fantasy,84.57139891568697,21,681.3540604906376,0.12412254335842335,top_1pct_capped
2000,Middle Grade Fantasy,323.9416262022028,75,681.3540604906376,0.4754380211206712,top_1pct_capped
2000,Mythology Adventure,63.28041634745046,16,681.3540604906376,0.09287449802806304,top_1pct_capped
2000,Paranormal / Supernatural,58.29577197886237,17,681.3540604906376,0.08555870634554383,top_1pct_capped
2000,Paranormal Romance,19.210528395841067,6,681.3540604906376,0.028194634052679923,top_1pct_capped
2000,Romantasy,3.167830241848858,1,681.3540604906376,0.004649315863132494,top_1pct_capped
2000,Science Fiction,102.41973097337058,33,681.3540604906376,0.15031792853721154,top_1pct_capped
2001,Dystopian / Post-Apocalyptic,24.619922830817522,8,822.041121796765,0.029949746038257632,top_1pct_capped
2001,Epic / High Fantasy,107.76105525420479,29,822.041121796765,0.13108961631830238,top_1pct_capped
2001,Middle Grade Fantasy,330.71287833566527,77,822.041121796765,0.40230697658143205,top_1pct_capped
2001,Mythology Adventure,43.6305273288842,9,822.041121796765,0.05307584520044372,top_1pct_capped
2001,Paranormal / Supernatural,126.9121513679392,34,822.041121796765,0.154386621304957,top_1pct_capped
2001,Paranormal Romance,59.32563455101497,18,822.041121796765,0.07216869445818573,top_1pct_capped
2001,Romantasy,7.107811230301374,2,822.041121796765,0.008646539743371444,top_1pct_capped
2001,Science Fiction,121.9711408979376,36,822.041121796765,0.14837596035504996,top_1pct_capped
2002,Dystopian / Post-Apocalyptic,25.982999034008337,9,929.0979352390709,0.027965834438457255,top_1pct_capped
2002,Epic / High Fantasy,116.78653989835982,29,929.0979352390709,0.1256988477412867,top_1pct_capped
2002,Middle Grade Fantasy,348.84682202791464,79,929.0979352390709,0.37546829973112694,top_1pct_capped
2002,Mythology Adventure,33.23616370206949,7,929.0979352390709,0.035772508410017424,top_1pct_capped
2002,Paranormal / Supernatural,126.84921652376619,33,929.0979352390709,0.1365294353938328,top_1pct_capped
2002,Paranormal Romance,49.717465339815725,16,929.0979352390709,0.053511544320699274,top_1pct_capped
2002,Romantasy,26.264635039436758,8,929.0979352390709,0.028268962875994844,top_1pct_capped
2002,Science Fiction,201.4140936737,47,929.0979352390709,0.21678456708858482,top_1pct_capped
2003,Dystopian / Post-Apocalyptic,33.70029350579655,12,1186.5787911442724,0.028401226920041114,top_1pct_capped
2003,Epic / High Fantasy,212.59201848518717,55,1186.5787911442724,0.1791638448890317,top_1pct_capped
2003,Middle Grade Fantasy,428.56679601512667,98,1186.5787911442724,0.3611785405348768,top_1pct_capped
2003,Mythology Adventure,36.954424394195954,11,1186.5787911442724,0.031143675135604863,top_1pct_capped
2003,Paranormal / Supernatural,145.60554138395506,35,1186.5787911442724,0.12271038591844453,top_1pct_capped
2003,Paranormal Romance,47.341775444085165,15,1186.5787911442724,0.03989770910908606,top_1pct_capped
2003,Romantasy,32.64202256720941,10,1186.5787911442724,0.027509359522372052,top_1pct_capped
2003,Science Fiction,249.17591934871632,63,1186.5787911442724,0.2099952579705428,top_1pct_capped
2004,Dystopian / Post-Apocalyptic,54.63298260785164,17,1113.1543011293522,0.04907943359911889,top_1pct_capped
2004,Epic / High Fantasy,174.77632922593176,44,1113.1543011293522,0.1570099752106354,top_1pct_capped
2004,Middle Grade Fantasy,401.3719774058643,90,1113.1543011293522,0.36057173475290155,top_1pct_capped
2004,Mythology Adventure,52.9493724507124,13,1113.1543011293522,0.04756696569109291,top_1pct_capped
2004,Paranormal / Supernatural,165.02521911030016,41,1113.1543011293522,0.14825008441585644,top_1pct_capped
2004,Paranormal Romance,53.85290214580269,17,1113.1543011293522,0.04837864983422887,top_1pct_capped
2004,Romantasy,31.70159674475286,10,1113.1543011293522,0.028479067738039515,top_1pct_capped
2004,Science Fiction,178.8439214381365,49,1113.1543011293522,0.1606640887581265,top_1pct_capped
2005,Dystopian / Post-Apocalyptic,33.657272947285485,11,1377.6692299932758,0.024430590605155462,top_1pct_capped
2005,Epic / High Fantasy,199.17560017144723,49,1377.6692299932758,0.1445743258506393,top_1pct_capped
2005,Middle Grade Fantasy,515.2711298602385,111,1377.6692299932758,0.37401657715963754,top_1pct_capped
2005,Mythology Adventure,74.55838035526385,17,1377.6692299932758,0.05411921724899652,top_1pct_capped
2005,Paranormal / Supernatural,247.7373384981351,64,1377.6692299932758,0.1798235259267163,top_1pct_capped
2005,Paranormal Romance,82.71103000756567,26,1377.6692299932758,0.06003692918943204,top_1pct_capped
2005,Romantasy,37.94386214147318,11,1377.6692299932758,0.027542069834613624,top_1pct_capped
2005,Science Fiction,186.61461601186681,47,1377.6692299932758,0.13545676418480918,top_1pct_capped
2006,Dystopian / Post-Apocalyptic,58.13821696320752,19,1386.4833566140978,0.04193214198054685,top_1pct_capped
2006,Epic / High Fantasy,259.43159040869,65,1386.4833566140978,0.18711482483442318,top_1pct_capped
2006,Middle Grade Fantasy,446.1814613265912,105,1386.4833566140978,0.32180801824855776,top_1pct_capped
2006,Mythology Adventure,63.700871725784815,17,1386.4833566140978,0.04594420223070502,top_1pct_capped
2006,Paranormal / Supernatural,204.53276464906315,57,1386.4833566140978,0.1475190911404435,top_1pct_capped
2006,Paranormal Romance,77.28573632629207,27,1386.4833566140978,0.0557422748405938,top_1pct_capped
2006,Romantasy,43.14440158261489,14,1386.4833566140978,0.031117864759644093,top_1pct_capped
2006,Science Fiction,234.06831363185404,62,1386.4833566140978,0.16882158196508568,top_1pct_capped
2007,Dystopian / Post-Apocalyptic,59.514917600962455,21,1827.738758608943,0.032562048225238775,top_1pct_capped
2007,Epic / High Fantasy,279.9717941343203,76,1827.738758608943,0.15317932763400033,top_1pct_capped
2007,Middle Grade Fantasy,660.9738265792912,149,1827.738758608943,0.36163473771401866,top_1pct_capped
2007,Mythology Adventure,125.28920997159747,30,1827.738758608943,0.06854875150043471,top_1pct_capped
2007,Paranormal / Supernatural,254.10279817033077,67,1827.738758608943,0.13902577541427394,top_1pct_capped
2007,Paranormal Romance,132.23145768291846,40,1827.738758608943,0.07234702282264742,top_1pct_capped
2007,Romantasy,38.848228170971666,12,1827.738758608943,0.02125480350405126,top_1pct_capped
2007,Science Fiction,276.8065262985506,65,1827.738758608943,0.15144753318533483,top_1pct_capped
2008,Dystopian / Post-Apocalyptic,122.53982474149883,33,1983.8084548486913,0.061769988146786664,top_1pct_capped
2008,Epic / High Fantasy,300.1733490080831,75,1983.8084548486913,0.15131165928566317,top_1pct_capped
2008,Middle Grade Fantasy,588.1375849132569,137,1983.8084548486913,0.29646893755078546,top_1pct_capped
2008,Mythology Adventure,52.54475560291911,13,1983.8084548486913,0.026486808983242686,top_1pct_capped
2008,Paranormal / Supernatural,356.60052710143304,95,1983.8084548486913,0.17975552338727763,top_1pct_capped
2008,Paranormal Romance,186.73478009693414,58,1983.8084548486913,0.09412944059217489,top_1pct_capped
2008,Romantasy,43.177802448113496,12,1983.8084548486913,0.021765106576988928,top_1pct_capped
2008,Science Fiction,333.89983093645276,84,1983.8084548486913,0.16831253547708058,top_1pct_capped
2009,Dystopian / Post-Apocalyptic,120.3824691614633,34,2389.7176206876375,0.05037518580409657,top_1pct_capped
2009,Epic / High Fantasy,332.60188868510767,79,2389.7176206876375,0.13918041437439876,top_1pct_capped
2009,Middle Grade Fantasy,531.374533905866,125,2389.7176206876375,0.2223587127222855,top_1pct_capped
2009,Mythology Adventure,99.88938186387975,23,2389.7176206876375,0.041799659089067076,top_1pct_capped
2009,Paranormal / Supernatural,594.4620762296158,160,2389.7176206876375,0.24875829306500252,top_1pct_capped
2009,Paranormal Romance,332.26717042733117,104,2389.7176206876375,0.1390403483453086,top_1pct_capped
2009,Romantasy,36.22247551149283,12,2389.7176206876375,0.015157638374474501,top_1pct_capped
2009,Science Fiction,342.5176249028812,93,2389.7176206876375,0.1433297482253666,top_1pct_capped
2010,Dystopian / Post-Apocalyptic,170.03378228941588,55,3204.473259561647,0.05306138279733234,top_1pct_capped
2010,Epic / High Fantasy,329.2518192766739,81,3204.473259561647,0.10274756336138491,top_1pct_capped
2010,Middle Grade Fantasy,682.4580263105527,156,3204.473259561647,0.21297042322765675,top_1pct_capped
2010,Mythology Adventure,133.672179739017,34,3204.473259561647,0.041714244093053396,top_1pct_capped
2010,Paranormal / Supernatural,786.6500328865039,228,3204.473259561647,0.24548497340062467,top_1pct_capped
2010,Paranormal Romance,555.0756828164513,177,3204.473259561647,0.1732190091336204,top_1pct_capped
2010,Romantasy,60.61237520331727,17,3204.473259561647,0.018914926196515892,top_1pct_capped
2010,Science Fiction,486.7193610397151,127,3204.473259561647,0.15188747778981168,top_1pct_capped
2011,Dystopian / Post-Apocalyptic,350.13145045213037,119,4446.335166955675,0.07874607678122003,top_1pct_capped
2011,Epic / High Fantasy,488.60021785012924,120,4446.335166955675,0.10988830115221947,top_1pct_capped
2011,Middle Grade Fantasy,519.7118193684499,113,4446.335166955675,0.11688543482525794,top_1pct_capped
2011,Mythology Adventure,305.9668772058867,62,4446.335166955675,0.06881327334020496,top_1pct_capped
2011,Paranormal / Supernatural,1132.554357106579,350,4446.335166955675,0.254716370804322,top_1pct_capped
2011,Paranormal Romance,833.7295712206387,286,4446.335166955675,0.18750938467634193,top_1pct_capped
2011,Romantasy,108.06991686520712,30,4446.335166955675,0.024305391475739926,top_1pct_capped
2011,Science Fiction,707.5709568866538,204,4446.335166955675,0.15913576694469364,top_1pct_capped
2012,Dystopian / Post-Apocalyptic,527.4208935645553,174,4739.924387148595,0.11127200572957596,top_1pct_capped
2012,Epic / High Fantasy,532.641782303391,127,4739.924387148595,0.11237347662075539,top_1pct_capped
2012,Middle Grade Fantasy,562.1654012853725,126,4739.924387148595,0.11860218758121484,top_1pct_capped
2012,Mythology Adventure,290.14923647346984,66,4739.924387148595,0.0612138955760886,top_1pct_capped
2012,Paranormal / Supernatural,1082.0710444692877,336,4739.924387148595,0.2282886721575386,top_1pct_capped
2012,Paranormal Romance,770.4525154296084,269,4739.924387148595,0.16254531770982342,top_1pct_capped
2012,Romantasy,129.20434448493927,38,4739.924387148595,0.027258735357731087,top_1pct_capped
2012,Science Fiction,845.819169137971,243,4739.924387148595,0.17844570926727207,top_1pct_capped
2013,Dystopian / Post-Apocalyptic,497.70632629564767,163,3784.976816264578,0.13149521131990388,top_1pct_capped
2013,Epic / High Fantasy,318.011674732462,75,3784.976816264578,0.0840194511538145,top_1pct_capped
2013,Middle Grade Fantasy,494.96905590648606,103,3784.976816264578,0.13077201788384393,top_1pct_capped
2013,Mythology Adventure,256.3477650971321,53,3784.976816264578,0.06772769756358075,top_1pct_capped
2013,Paranormal / Supernatural,893.3453238266061,263,3784.976816264578,0.23602398830761012,top_1pct_capped
2013,Paranormal Romance,547.0318131236619,193,3784.976816264578,0.1445271238579294,top_1pct_capped
2013,Romantasy,75.43961993201916,20,3784.976816264578,0.019931329462268964,top_1pct_capped
2013,Science Fiction,702.1252373505628,213,3784.976816264578,0.18550318045104844,top_1pct_capped
2014,Dystopian / Post-Apocalyptic,419.0833121589452,130,2937.248046098418,0.14267889724724428,top_1pct_capped
2014,Epic / High Fantasy,375.26630327661354,90,2937.248046098418,0.12776118917674806,top_1pct_capped
2014,Middle Grade Fantasy,389.2847887187312,87,2937.248046098418,0.13253384889840097,top_1pct_capped
2014,Mythology Adventure,109.91466560979865,29,2937.248046098418,0.03742096815956678,top_1pct_capped
2014,Paranormal / Supernatural,604.6044812981986,171,2937.248046098418,0.20584045739729134,top_1pct_capped
2014,Paranormal Romance,349.7733861660895,121,2937.248046098418,0.11908200488232436,top_1pct_capped
2014,Romantasy,92.34700598940807,26,2937.248046098418,0.03143997528982059,top_1pct_capped
2014,Science Fiction,596.9741028806334,171,2937.248046098418,0.20324265894860372,top_1pct_capped
2015,Dystopian / Post-Apocalyptic,320.14451354802486,100,2473.1109425099235,0.12945012212962634,top_1pct_capped
2015,Epic / High Fantasy,412.8605725874906,93,2473.1109425099235,0.1669397702670324,top_1pct_capped
2015,Middle Grade Fantasy,371.8049427836407,85,2473.1109425099235,0.15033896635720734,top_1pct_capped
2015,Mythology Adventure,86.58032514837919,21,2473.1109425099235,0.035008670116719515,top_1pct_capped
2015,Paranormal / Supernatural,513.2684821452164,137,2473.1109425099235,0.20753961066716556,top_1pct_capped
2015,Paranormal Romance,239.10266621046574,83,2473.1109425099235,0.09668093011945675,top_1pct_capped
2015,Romantasy,60.33632233052418,18,2473.1109425099235,0.024396933147402496,top_1pct_capped
2015,Science Fiction,469.01311775618194,131,2473.1109425099235,0.18964499719538966,top_1pct_capped
2016,Dystopian / Post-Apocalyptic,237.05179236798216,71,1791.738282318054,0.13230268879520585,top_1pct_capped
2016,Epic / High Fantasy,414.0516196717322,93,1791.738282318054,0.23108934142773055,top_1pct_capped
2016,Middle Grade Fantasy,342.9492590812185,77,1791.738282318054,0.19140588916676451,top_1pct_capped
2016,Mythology Adventure,59.34878655987588,16,1791.738282318054,0.03312358012638634,top_1pct_capped
2016,Paranormal / Supernatural,204.78496846489037,59,1791.738282318054,0.11429401854379685,top_1pct_capped
2016,Paranormal Romance,85.96878695890159,33,1791.738282318054,0.047980660907507,top_1pct_capped
2016,Romantasy,65.06681348846107,18,1791.738282318054,0.03631490945445511,top_1pct_capped
2016,Science Fiction,382.5162557249922,100,1791.738282318054,0.2134889115781538,top_1pct_capped
2017,Dystopian / Post-Apocalyptic,134.30520560283838,41,1365.996771701176,0.09832029502937863,top_1pct_capped
2017,Epic / High Fantasy,319.3413220683361,75,1365.996771701176,0.2337789727501603,top_1pct_capped
2017,Middle Grade Fantasy,228.56969782181727,52,1365.996771701176,0.1673281390974026,top_1pct_capped
2017,Mythology Adventure,72.01407251312008,20,1365.996771701176,0.052719064938517884,top_1pct_capped
2017,Paranormal / Supernatural,148.6442935931614,43,1365.996771701176,0.1088174559944558,top_1pct_capped
2017,Paranormal Romance,60.67532398911976,22,1365.996771701176,0.044418350940578236,top_1pct_capped
2017,Romantasy,71.05210155800667,21,1365.996771701176,0.05201483856328612,top_1pct_capped
2017,Science Fiction,331.39475455477617,81,1365.996771701176,0.2426028826862204,top_1pct_capped
2018,Dystopian / Post-Apocalyptic,131.98235656333028,38,1131.59789017998,0.11663361845110773,top_1pct_capped
2018,Epic / High Fantasy,253.19535426164336,55,1131.59789017998,0.2237502883832461,top_1pct_capped
2018,Middle Grade Fantasy,221.71884204495672,50,1131.59789017998,0.19593430137068607,top_1pct_capped
2018,Mythology Adventure,31.613279350479317,9,1131.59789017998,0.027936848968012167,top_1pct_capped
2018,Paranormal / Supernatural,184.97708584691355,46,1131.59789017998,0.16346538593978208,top_1pct_capped
2018,Paranormal Romance,53.27786128654619,18,1131.59789017998,0.04708197297723168,top_1pct_capped
2018,Romantasy,44.58710182557009,14,1131.59789017998,0.03940189550766884,top_1pct_capped
2018,Science Fiction,210.2460090005404,51,1131.59789017998,0.18579568840226532,top_1pct_capped
2019,Dystopian / Post-Apocalyptic,86.27816407255641,28,739.6361044083654,0.11664947608468933,top_1pct_capped
2019,Epic / High Fantasy,193.52351424656771,43,739.6361044083654,0.2616469275811882,top_1pct_capped
2019,Middle Grade Fantasy,112.55263722346945,28,739.6361044083654,0.1521729895993926,top_1pct_capped
2019,Mythology Adventure,31.213399218466666,8,739.6361044083654,0.042201021600256045,top_1pct_capped
2019,Paranormal / Supernatural,58.32589937897643,15,739.6361044083654,0.07885756121333651,top_1pct_capped
2019,Paranormal Romance,22.260258240404678,8,739.6361044083654,0.030096229899716224,top_1pct_capped
2019,Romantasy,50.617588486589554,14,739.6361044083654,0.06843579996284598,top_1pct_capped
2019,Science Fiction,184.86464354133452,46,739.6361044083654,0.24993999405857514,top_1pct_capped
2020,Dystopian / Post-Apocalyptic,24.501893438000177,9,311.06138839141533,0.07876867509884869,top_1pct_capped
2020,Epic / High Fantasy,83.99963837939518,20,311.06138839141533,0.27004199657752637,top_1pct_capped
2020,Middle Grade Fantasy,57.07370341049779,14,311.06138839141533,0.18348051394498602,top_1pct_capped
2020,Mythology Adventure,13.063001807272073,4,311.06138839141533,0.041994931851955256,top_1pct_capped
2020,Paranormal / Supernatural,41.92526079455814,11,311.06138839141533,0.13478130799635818,top_1pct_capped
2020,Paranormal Romance,24.475235249676185,8,311.06138839141533,0.07868297436799987,top_1pct_capped
2020,Romantasy,12.627377982446227,4,311.06138839141533,0.040594488591933243,top_1pct_capped
2020,Science Fiction,53.39527732956954,14,311.06138839141533,0.17165511157039232,top_1pct_capped
2021,Epic / High Fantasy,17.697465323139173,3,29.809636614963797,0.5936826923363241,top_1pct_capped
2021,Middle Grade Fantasy,2.903960894009653,1,29.809636614963797,0.09741684984351427,top_1pct_capped
2021,Mythology Adventure,2.903960894009653,1,29.809636614963797,0.09741684984351427,top_1pct_capped
2021,Paranormal / Supernatural,3.152124751902658,1,29.809636614963797,0.10574180398832367,top_1pct_capped
2021,Paranormal Romance,3.152124751902658,1,29.809636614963797,0.10574180398832367,top_1pct_capped
1997,Dystopian / Post-Apocalyptic,12.836400988267304,5,550.9642213749825,0.023298066353987328,non_blockbuster_franchise
1997,Epic / High Fantasy,87.79727936926027,21,550.9642213749825,0.1593520522079528,non_blockbuster_franchise
1997,Middle Grade Fantasy,214.005426448415,51,550.9642213749825,0.3884198250012397,non_blockbuster_franchise
1997,Mythology Adventure,14.371432865674217,4,550.9642213749825,0.02608414903931324,non_blockbuster_franchise
1997,Paranormal / Supernatural,60.62408316432206,18,550.9642213749825,0.11003270414370832,non_blockbuster_franchise
1997,Paranormal Romance,24.051577083652248,8,550.9642213749825,0.043653609709228124,non_blockbuster_franchise
1997,Romantasy,13.671196901090049,3,550.9642213749825,0.024813220842130737,non_blockbuster_franchise
1997,Science Fiction,123.60682455430137,34,550.9642213749825,0.22434637270243982,non_blockbuster_franchise
1998,Dystopian / Post-Apocalyptic,13.0934625647472,5,436.61242677914197,0.029988753781784727,non_blockbuster_franchise
1998,Epic / High Fantasy,68.3749189789459,16,436.61242677914197,0.15660323615464336,non_blockbuster_franchise
1998,Middle Grade Fantasy,173.93105940613432,40,436.61242677914197,0.3983648855100416,non_blockbuster_franchise
1998,Mythology Adventure,25.292531033412928,5,436.61242677914197,0.0579290223597026,non_blockbuster_franchise
1998,Paranormal / Supernatural,42.9215141169424,12,436.61242677914197,0.09830575467943338,non_blockbuster_franchise
1998,Paranormal Romance,18.967979193468242,6,436.61242677914197,0.043443516560885916,non_blockbuster_franchise
1998,Science Fiction,94.03096148549099,24,436.61242677914197,0.21536483095350845,non_blockbuster_franchise
1999,Dystopian / Post-Apocalyptic,24.84034314091659,8,530.5959295123143,0.04681593234940202,non_blockbuster_franchise
1999,Epic / High Fantasy,58.80604779506904,14,530.5959295123143,0.11083019021483888,non_blockbuster_franchise
1999,Middle Grade Fantasy,242.29566490542413,53,530.5959295123143,0.4566481788281431,non_blockbuster_franchise
1999,Mythology Adventure,18.902142133501616,8,530.5959295123143,0.035624363252984445,non_blockbuster_franchise
1999,Paranormal / Supernatural,92.48231019465916,18,530.5959295123143,0.17429894398108606,non_blockbuster_franchise
1999,Paranormal Romance,5.549484911242736,2,530.5959295123143,0.010458966235084811,non_blockbuster_franchise
1999,Romantasy,2.2965418706367577,1,530.5959295123143,0.004328231226250782,non_blockbuster_franchise
1999,Science Fiction,85.42339456086425,27,530.5959295123143,0.16099519391220982,non_blockbuster_franchise
2000,Dystopian / Post-Apocalyptic,26.46675743537446,9,655.7665638879384,0.040360028846937776,non_blockbuster_franchise
2000,Epic / High Fantasy,84.57139891568697,21,655.7665638879384,0.12896570757477513,non_blockbuster_franchise
2000,Middle Grade Fantasy,308.29324379417636,72,655.7665638879384,0.4701265065518947,non_blockbuster_franchise
2000,Mythology Adventure,63.28041634745046,16,655.7665638879384,0.09649838804264534,non_blockbuster_franchise
2000,Paranormal / Supernatural,55.461979943664076,16,655.7665638879384,0.08457579723924712,non_blockbuster_franchise
2000,Paranormal Romance,19.210528395841067,6,655.7665638879384,0.029294766543058886,non_blockbuster_franchise
2000,Romantasy,3.167830241848858,1,655.7665638879384,0.004830728518799865,non_blockbuster_franchise
2000,Science Fiction,95.31440881389624,31,655.7665638879384,0.14534807668264124,non_blockbuster_franchise
2001,Dystopian / Post-Apocalyptic,24.619922830817522,8,785.3477340392856,0.03134907221822576,non_blockbuster_franchise
2001,Epic / High Fantasy,103.70433429191142,28,785.3477340392856,0.13204893806534343,non_blockbuster_franchise
2001,Middle Grade Fantasy,309.8508449521806,72,785.3477340392856,0.39453968162424324,non_blockbuster_franchise
2001,Mythology Adventure,40.27793113818899,8,785.3477340392856,0.051286747758253745,non_blockbuster_franchise
2001,Paranormal / Supernatural,124.78929276725272,33,785.3477340392856,0.15889686486446317,non_blockbuster_franchise
2001,Paranormal Romance,59.32563455101497,18,785.3477340392856,0.07554059428666705,non_blockbuster_franchise
2001,Romantasy,7.107811230301374,2,785.3477340392856,0.009050527457109617,non_blockbuster_franchise
2001,Science Fiction,115.67196227761801,34,785.3477340392856,0.147287573725694,non_blockbuster_franchise
2002,Dystopian / Post-Apocalyptic,25.982999034008337,9,912.8833121778686,0.028462563273306655,non_blockbuster_franchise
2002,Epic / High Fantasy,112.51500977408375,28,912.8833121778686,0.1232523459166499,non_blockbuster_franchise
2002,Middle Grade Fantasy,340.73951049731346,77,912.8833121778686,0.3732563690800855,non_blockbuster_franchise
2002,Mythology Adventure,33.23616370206949,7,912.8833121778686,0.03640789929961352,non_blockbuster_franchise
2002,Paranormal / Supernatural,126.84921652376619,33,912.8833121778686,0.13895446968040376,non_blockbuster_franchise
2002,Paranormal Romance,49.717465339815725,16,912.8833121778686,0.05446201576541542,non_blockbuster_franchise
2002,Romantasy,26.264635039436758,8,912.8833121778686,0.02877107587472175,non_blockbuster_franchise
2002,Science Fiction,197.57831226737488,46,912.8833121778686,0.2164332611098035,non_blockbuster_franchise
2003,Dystopian / Post-Apocalyptic,33.70029350579655,12,1124.6212744686854,0.029965904318960953,non_blockbuster_franchise
2003,Epic / High Fantasy,208.72845969816498,54,1124.6212744686854,0.18559888954330547,non_blockbuster_franchise
2003,Middle Grade Fantasy,381.05564076154315,90,1124.6212744686854,0.338830190582664,non_blockbuster_franchise
2003,Mythology Adventure,36.954424394195954,11,1124.6212744686854,0.032859439202459206,non_blockbuster_franchise
2003,Paranormal / Supernatural,145.60554138395506,35,1124.6212744686854,0.12947073356116684,non_blockbuster_franchise
2003,Paranormal Romance,47.341775444085165,15,1124.6212744686854,0.04209574949260252,non_blockbuster_franchise
2003,Romantasy,32.64202256720941,10,1124.6212744686854,0.029024902256655924,non_blockbuster_franchise
2003,Science Fiction,238.59311671373524,60,1124.6212744686854,0.21215419104218516,non_blockbuster_franchise
2004,Dystopian / Post-Apocalyptic,54.63298260785164,17,1093.9773980660161,0.04993977270868151,non_blockbuster_franchise
2004,Epic / High Fantasy,171.63130382535155,43,1093.9773980660161,0.15688743124745477,non_blockbuster_franchise
2004,Middle Grade Fantasy,394.9285512747764,88,1093.9773980660161,0.36100247772298527,non_blockbuster_franchise
2004,Mythology Adventure,49.804347050132186,12,1093.9773980660161,0.04552593786505883,non_blockbuster_franchise
2004,Paranormal / Supernatural,165.02521911030016,41,1093.9773980660161,0.15084883782977543,non_blockbuster_franchise
2004,Paranormal Romance,53.85290214580269,17,1093.9773980660161,0.0492267045379606,non_blockbuster_franchise
2004,Romantasy,31.70159674475286,10,1093.9773980660161,0.02897829223967187,non_blockbuster_franchise
2004,Science Fiction,172.40049530704863,47,1093.9773980660161,0.15759054584841167,non_blockbuster_franchise
2005,Dystopian / Post-Apocalyptic,29.38665124176672,10,1296.7671381920381,0.022661471266720867,non_blockbuster_franchise
2005,Epic / High Fantasy,183.30079038417676,47,1296.7671381920381,0.1413521248230704,non_blockbuster_franchise
2005,Middle Grade Fantasy,494.59001607726395,107,1296.7671381920381,0.3814023362489158,non_blockbuster_franchise
2005,Mythology Adventure,70.28685023098778,16,1296.7671381920381,0.05420159731143573,non_blockbuster_franchise
2005,Paranormal / Supernatural,231.87764431708015,60,1296.7671381920381,0.1788120916145096,non_blockbuster_franchise
2005,Paranormal Romance,70.87759436479934,23,1296.7671381920381,0.05465714874886279,non_blockbuster_franchise
2005,Romantasy,37.94386214147318,11,1296.7671381920381,0.029260351395374487,non_blockbuster_franchise
2005,Science Fiction,178.50372943449034,45,1296.7671381920381,0.13765287859111042,non_blockbuster_franchise
2006,Dystopian / Post-Apocalyptic,58.13821696320752,19,1342.08378111743,0.043319364842335825,non_blockbuster_franchise
2006,Epic / High Fantasy,257.38758887679575,64,1342.08378111743,0.19178205749755262,non_blockbuster_franchise
2006,Middle Grade Fantasy,434.53491730526736,101,1342.08378111743,0.32377629729156704,non_blockbuster_franchise
2006,Mythology Adventure,59.42934160150875,16,1342.08378111743,0.04428139467718431,non_blockbuster_franchise
2006,Paranormal / Supernatural,189.47679372622284,53,1342.08378111743,0.1411810472580653,non_blockbuster_franchise
2006,Paranormal Romance,73.27922132700655,26,1342.08378111743,0.05460107808321301,non_blockbuster_franchise
2006,Romantasy,40.697616062200105,13,1342.08378111743,0.030324199304692392,non_blockbuster_franchise
2006,Science Fiction,229.14008525522104,60,1342.08378111743,0.17073456104538953,non_blockbuster_franchise
2007,Dystopian / Post-Apocalyptic,59.514917600962455,21,1746.7501423072513,0.034071797768598006,non_blockbuster_franchise
2007,Epic / High Fantasy,279.9717941343203,76,1746.7501423072513,0.1602815350365511,non_blockbuster_franchise
2007,Middle Grade Fantasy,636.4138555928158,145,1746.7501423072513,0.36434166523220546,non_blockbuster_franchise
2007,Mythology Adventure,113.37134397130924,28,1746.7501423072513,0.06490415613852994,non_blockbuster_franchise
2007,Paranormal / Supernatural,237.54987645939303,63,1746.7501423072513,0.13599533826035223,non_blockbuster_franchise
2007,Paranormal Romance,115.67853597198071,36,1746.7501423072513,0.06622500446410898,non_blockbuster_franchise
2007,Romantasy,30.64561264301408,11,1746.7501423072513,0.017544359608601394,non_blockbuster_franchise
2007,Science Fiction,273.60420593345555,64,1746.7501423072513,0.15663614349105281,non_blockbuster_franchise
2008,Dystopian / Post-Apocalyptic,112.10792664334078,30,1849.9351234089406,0.060601004448607665,non_blockbuster_franchise
2008,Epic / High Fantasy,277.9654261090776,70,1849.9351234089406,0.15025685095208147,non_blockbuster_franchise
2008,Middle Grade Fantasy,551.595700604253,129,1849.9351234089406,0.2981702945278471,non_blockbuster_franchise
2008,Mythology Adventure,40.47460825730037,9,1849.9351234089406,0.021878933885376685,non_blockbuster_franchise
2008,Paranormal / Supernatural,341.18330260187327,91,1849.9351234089406,0.1844298744775237,non_blockbuster_franchise
2008,Paranormal Romance,171.25360546064525,54,1849.9351234089406,0.09257276284644522,non_blockbuster_franchise
2008,Romantasy,38.906272323837435,11,1849.9351234089406,0.02103115500188108,non_blockbuster_franchise
2008,Science Fiction,316.4482814086129,79,1849.9351234089406,0.17105912386023706,non_blockbuster_franchise
2009,Dystopian / Post-Apocalyptic,111.83940891291118,32,2245.7747236409955,0.04979992326727673,non_blockbuster_franchise
2009,Epic / High Fantasy,320.97622508148936,76,2245.7747236409955,0.14292449803740861,non_blockbuster_franchise
2009,Middle Grade Fantasy,513.7586732027532,120,2245.7747236409955,0.22876678938206874,non_blockbuster_franchise
2009,Mythology Adventure,85.40879531187763,19,2245.7747236409955,0.03803088280083915,non_blockbuster_franchise
2009,Paranormal / Supernatural,554.4623804597687,150,2245.7747236409955,0.24689136208677173,non_blockbuster_franchise
2009,Paranormal Romance,292.26747465748406,94,2245.7747236409955,0.1301410473547592,non_blockbuster_franchise
2009,Romantasy,36.22247551149283,12,2245.7747236409955,0.016129166977517054,non_blockbuster_franchise
2009,Science Fiction,330.8392905032184,90,2245.7747236409955,0.14731633009335876,non_blockbuster_franchise
2010,Dystopian / Post-Apocalyptic,155.18282429095223,51,3042.984454076937,0.050996916557704074,non_blockbuster_franchise
2010,Epic / High Fantasy,308.3945770074545,78,3042.984454076937,0.10134609021556876,non_blockbuster_franchise
2010,Middle Grade Fantasy,636.0378689958419,145,3042.984454076937,0.2090177845449357,non_blockbuster_franchise
2010,Mythology Adventure,114.89760469546603,29,3042.984454076937,0.03775819641192325,non_blockbuster_franchise
2010,Paranormal / Supernatural,771.4528379856768,224,3042.984454076937,0.25351849463184006,non_blockbuster_franchise
2010,Paranormal Romance,539.8784879156241,173,3042.984454076937,0.17741743215030376,non_blockbuster_franchise
2010,Romantasy,60.61237520331727,17,3042.984454076937,0.019918726539042905,non_blockbuster_franchise
2010,Science Fiction,456.52787798260397,120,3042.984454076937,0.15002635894868144,non_blockbuster_franchise
2011,Dystopian / Post-Apocalyptic,319.1564612105243,111,4283.759549638865,0.0745038225213715,non_blockbuster_franchise
2011,Epic / High Fantasy,475.1210756308945,117,4283.759549638865,0.11091217191939468,non_blockbuster_franchise
2011,Middle Grade Fantasy,514.5174613785387,111,4283.759549638865,0.12010885658181122,non_blockbuster_franchise
2011,Mythology Adventure,300.7725192159754,60,4283.759549638865,0.0702122786610027,non_blockbuster_franchise
2011,Paranormal / Supernatural,1097.406908658079,341,4283.759549638865,0.25617845631662356,non_blockbuster_franchise
2011,Paranormal Romance,802.8536528964149,278,4283.759549638865,0.18741800131244485,non_blockbuster_franchise
2011,Romantasy,108.06991686520712,30,4283.759549638865,0.025227820472397376,non_blockbuster_franchise
2011,Science Fiction,665.8615537832311,194,4283.759549638865,0.15543859221495412,non_blockbuster_franchise
2012,Dystopian / Post-Apocalyptic,469.17276442295673,159,4493.303773475702,0.10441599056634399,non_blockbuster_franchise
2012,Epic / High Fantasy,496.2474251457135,118,4493.303773475702,0.11044154817110254,non_blockbuster_franchise
2012,Middle Grade Fantasy,552.1214547530293,123,4493.303773475702,0.12287650303374598,non_blockbuster_franchise
2012,Mythology Adventure,283.8033939447091,64,4493.303773475702,0.06316140823151578,non_blockbuster_franchise
2012,Paranormal / Supernatural,1048.3224110186184,327,4493.303773475702,0.23330770939791376,non_blockbuster_franchise
2012,Paranormal Romance,746.0581599382884,262,4493.303773475702,0.1660377747755057,non_blockbuster_franchise
2012,Romantasy,102.35830259951126,31,4493.303773475702,0.022780187532331946,non_blockbuster_franchise
2012,Science Fiction,795.219861652875,229,4493.303773475702,0.1769788782915403,non_blockbuster_franchise
2013,Dystopian / Post-Apocalyptic,454.5309867761767,151,3585.1825368797336,0.12678043087082685,non_blockbuster_franchise
2013,Epic / High Fantasy,307.60235793059366,72,3585.1825368797336,0.08579824172587515,non_blockbuster_franchise
2013,Middle Grade Fantasy,481.28555579064533,99,3585.1825368797336,0.13424297112902908,non_blockbuster_franchise
2013,Mythology Adventure,242.66426498129138,49,3585.1825368797336,0.06768533051945735,non_blockbuster_franchise
2013,Paranormal / Supernatural,852.9803175001683,253,3585.1825368797336,0.237918239511045,non_blockbuster_franchise
2013,Paranormal Romance,519.8870788270575,185,3585.1825368797336,0.14500993282186606,non_blockbuster_franchise
2013,Romantasy,67.28207724270877,18,3585.1825368797336,0.018766708961286502,non_blockbuster_franchise
2013,Science Fiction,658.9498978310918,201,3585.1825368797336,0.183798144460614,non_blockbuster_franchise
2014,Dystopian / Post-Apocalyptic,343.19315876617554,108,2697.045814044987,0.12724780460865062,non_blockbuster_franchise
2014,Epic / High Fantasy,352.9178065536761,85,2697.045814044987,0.13085347112601528,non_blockbuster_franchise
2014,Middle Grade Fantasy,379.2661337620526,84,2697.045814044987,0.14062279987496218,non_blockbuster_franchise
2014,Mythology Adventure,102.2214698698774,27,2697.045814044987,0.03790127306609124,non_blockbuster_franchise
2014,Paranormal / Supernatural,585.8345001248416,165,2697.045814044987,0.21721340330004119,non_blockbuster_franchise
2014,Paranormal Romance,335.0081216950269,116,2697.045814044987,0.12421298887488566,non_blockbuster_franchise
2014,Romantasy,76.56633207009936,22,2697.045814044987,0.028388962349611104,non_blockbuster_franchise
2014,Science Fiction,522.0382912032375,149,2697.045814044987,0.19355929679974276,non_blockbuster_franchise
2015,Dystopian / Post-Apocalyptic,287.0746529922078,91,2282.381399008598,0.12577856317831232,non_blockbuster_franchise
2015,Epic / High Fantasy,393.3428752304697,89,2282.381399008598,0.1723388016574823,non_blockbuster_franchise
2015,Middle Grade Fantasy,365.5611842597402,83,2282.381399008598,0.16016656305494326,non_blockbuster_franchise
2015,Mythology Adventure,80.33656662447869,19,2282.381399008598,0.035198572271652157,non_blockbuster_franchise
2015,Paranormal / Supernatural,461.00661576634377,126,2282.381399008598,0.20198491626622617,non_blockbuster_franchise
2015,Paranormal Romance,218.6441978020467,77,2282.381399008598,0.09579652107970192,non_blockbuster_franchise
2015,Romantasy,51.79326208197206,16,2282.381399008598,0.02269264116175745,non_blockbuster_franchise
2015,Science Fiction,424.62204425133876,120,2282.381399008598,0.18604342132992435,non_blockbuster_franchise
2016,Dystopian / Post-Apocalyptic,210.15356742780793,64,1667.9947437831859,0.1259917444051159,non_blockbuster_franchise
2016,Epic / High Fantasy,381.6610750669369,87,1667.9947437831859,0.22881431520658743,non_blockbuster_franchise
2016,Middle Grade Fantasy,335.48269169077963,75,1667.9947437831859,0.20112934584546108,non_blockbuster_franchise
2016,Mythology Adventure,55.82062661255764,15,1667.9947437831859,0.03346570894219405,non_blockbuster_franchise
2016,Paranormal / Supernatural,187.75632278776862,56,1667.9947437831859,0.11256409739152878,non_blockbuster_franchise
2016,Paranormal Romance,82.1476088617327,32,1667.9947437831859,0.049249321179162336,non_blockbuster_franchise
2016,Romantasy,56.523753239908935,16,1667.9947437831859,0.03388724901596942,non_blockbuster_franchise
2016,Science Fiction,358.4490980956934,93,1667.9947437831859,0.21489821801398096,non_blockbuster_franchise
2017,Dystopian / Post-Apocalyptic,131.75466264548513,40,1314.432306577061,0.10023693269422908,non_blockbuster_franchise
2017,Epic / High Fantasy,285.83754898177654,69,1314.432306577061,0.217460836553943,non_blockbuster_franchise
2017,Middle Grade Fantasy,225.53325429458724,51,1314.432306577061,0.1715822512624502,non_blockbuster_franchise
2017,Mythology Adventure,65.51090911968534,18,1314.432306577061,0.049839697937951316,non_blockbuster_franchise
2017,Paranormal / Supernatural,148.6442935931614,43,1314.432306577061,0.11308630566168061,non_blockbuster_franchise
2017,Paranormal Romance,60.67532398911976,22,1314.432306577061,0.04616085871103212,non_blockbuster_franchise
2017,Romantasy,67.63210235582248,20,1314.432306577061,0.051453469317065535,non_blockbuster_franchise
2017,Science Fiction,328.84421159742294,80,1314.432306577061,0.2501796478616481,non_blockbuster_franchise
2018,Dystopian / Post-Apocalyptic,125.87045310911506,36,1081.5236958002968,0.11638251995576898,non_blockbuster_franchise
2018,Epic / High Fantasy,235.4557103161053,51,1081.5236958002968,0.21770739858073546,non_blockbuster_franchise
2018,Middle Grade Fantasy,218.64402968739898,49,1081.5236958002968,0.2021629581824452,non_blockbuster_franchise
2018,Mythology Adventure,28.538466992921613,8,1081.5236958002968,0.02638727852541775,non_blockbuster_franchise
2018,Paranormal / Supernatural,181.46589739712655,45,1081.5236958002968,0.16778725986474755,non_blockbuster_franchise
2018,Paranormal Romance,53.27786128654619,18,1081.5236958002968,0.04926185297042622,non_blockbuster_franchise
2018,Romantasy,37.6483599145449,12,1081.5236958002968,0.03481048086208244,non_blockbuster_franchise
2018,Science Fiction,200.62291709653815,48,1081.5236958002968,0.1855002510583764,non_blockbuster_franchise
2019,Dystopian / Post-Apocalyptic,74.60953080958411,23,706.4227051990745,0.1056159863782389,non_blockbuster_franchise
2019,Epic / High Fantasy,193.52351424656771,43,706.4227051990745,0.27394860445776803,non_blockbuster_franchise
2019,Middle Grade Fantasy,112.55263722346945,28,706.4227051990745,0.1593276042730696,non_blockbuster_franchise
2019,Mythology Adventure,31.213399218466666,8,706.4227051990745,0.04418515853007659,non_blockbuster_franchise
2019,Paranormal / Supernatural,53.38783303730324,12,706.4227051990745,0.07557491094833681,non_blockbuster_franchise
2019,Paranormal Romance,17.32219189873149,5,706.4227051990745,0.024521001053965253,non_blockbuster_franchise
2019,Romantasy,50.617588486589554,14,706.4227051990745,0.07165339974785379,non_blockbuster_franchise
2019,Science Fiction,173.19601027836222,41,706.4227051990745,0.24517333461069102,non_blockbuster_franchise
2020,Dystopian / Post-Apocalyptic,20.438395836020167,7,290.2146109743257,0.0704251097744637,non_blockbuster_franchise
2020,Epic / High Fantasy,83.99963837939518,20,290.2146109743257,0.28943972909353743,non_blockbuster_franchise
2020,Middle Grade Fantasy,54.64407721888666,13,290.2146109743257,0.18828851185483847,non_blockbuster_franchise
2020,Mythology Adventure,13.063001807272073,4,290.2146109743257,0.045011523587376215,non_blockbuster_franchise
2020,Paranormal / Supernatural,36.78018278379891,9,290.2146109743257,0.12673442822302536,non_blockbuster_franchise
2020,Paranormal Romance,19.330157238916954,6,290.2146109743257,0.06660642334312736,non_blockbuster_franchise
2020,Romantasy,12.627377982446227,4,290.2146109743257,0.04351048329390738,non_blockbuster_franchise
2020,Science Fiction,49.331779727589534,12,290.2146109743257,0.16998379082972412,non_blockbuster_franchise
2021,Epic / High Fantasy,17.697465323139173,3,29.809636614963797,0.5936826923363241,non_blockbuster_franchise
2021,Middle Grade Fantasy,2.903960894009653,1,29.809636614963797,0.09741684984351427,non_blockbuster_franchise
2021,Mythology Adventure,2.903960894009653,1,29.809636614963797,0.09741684984351427,non_blockbuster_franchise
2021,Paranormal / Supernatural,3.152124751902658,1,29.809636614963797,0.10574180398832367,non_blockbuster_franchise
2021,Paranormal Romance,3.152124751902658,1,29.809636614963797,0.10574180398832367,non_blockbuster_franchise
1997,Middle Grade Fantasy,23.144218591684723,3,27.43799639958403,0.8435097903881785,blockbuster_franchise_only
1997,Science Fiction,4.293777807899307,1,27.43799639958403,0.15649020961182145,blockbuster_franchise_only
1998,Middle Grade Fantasy,9.702913386028671,1,9.702913386028671,1.0,blockbuster_franchise_only
1999,Middle Grade Fantasy,33.91936580552599,4,33.91936580552599,1.0,blockbuster_franchise_only
2000,Middle Grade Fantasy,17.018063592010385,3,26.995402129625226,0.6304060043371039,blockbuster_franchise_only
2000,Paranormal / Supernatural,2.833792035198288,1,26.995402129625226,0.10497313659530322,blockbuster_franchise_only
2000,Science Fiction,7.143546502416552,2,26.995402129625226,0.2646208590675928,blockbuster_franchise_only
2001,Epic / High Fantasy,4.056720962293364,1,36.69338775747938,0.11055727503564902,blockbuster_franchise_only
2001,Middle Grade Fantasy,20.862033383484725,5,36.69338775747938,0.5685502118629623,blockbuster_franchise_only
2001,Mythology Adventure,3.3525961906952095,1,36.69338775747938,0.09136785659731936,blockbuster_franchise_only
2001,Paranormal / Supernatural,2.1228586006864876,1,36.69338775747938,0.057853982159327216,blockbuster_franchise_only
2001,Science Fiction,6.299178620319589,2,36.69338775747938,0.1716706743447421,blockbuster_franchise_only
2002,Epic / High Fantasy,4.498117856070276,1,16.667798524790786,0.269868744176384,blockbuster_franchise_only
2002,Middle Grade Fantasy,8.333899262395393,2,16.667798524790786,0.5,blockbuster_franchise_only
2002,Science Fiction,3.8357814063251174,1,16.667798524790786,0.230131255823616,blockbuster_franchise_only
2003,Epic / High Fantasy,3.863558787022172,1,63.69518791536915,0.060656996446193476,blockbuster_franchise_only
2003,Middle Grade Fantasy,49.24882649336591,8,63.69518791536915,0.773195403062506,blockbuster_franchise_only
2003,Science Fiction,10.582802634981068,3,63.69518791536915,0.16614760049130056,blockbuster_franchise_only
2004,Epic / High Fantasy,3.1450254005802183,1,19.1769030633362,0.16400069344841747,blockbuster_franchise_only
2004,Middle Grade Fantasy,6.443426131087882,2,19.1769030633362,0.33599930655158255,blockbuster_franchise_only
2004,Mythology Adventure,3.1450254005802183,1,19.1769030633362,0.16400069344841747,blockbuster_franchise_only
2004,Science Fiction,6.443426131087882,2,19.1769030633362,0.33599930655158255,blockbuster_franchise_only
2005,Dystopian / Post-Apocalyptic,4.270621705518763,1,84.24691250733898,0.05069172956512486,blockbuster_franchise_only
2005,Epic / High Fantasy,15.87480978727048,2,84.24691250733898,0.18843194741276226,blockbuster_franchise_only
2005,Middle Grade Fantasy,22.572322922881067,4,84.24691250733898,0.267930565656216,blockbuster_franchise_only
2005,Mythology Adventure,4.8522837882904275,1,84.24691250733898,0.057595983566373805,blockbuster_franchise_only
2005,Paranormal / Supernatural,16.29612313214518,4,84.24691250733898,0.19343288254896676,blockbuster_franchise_only
2005,Paranormal Romance,12.26986459385657,3,84.24691250733898,0.14564171230355424,blockbuster_franchise_only
2005,Science Fiction,8.110886577376483,2,84.24691250733898,0.09627517894700204,blockbuster_franchise_only
2006,Epic / High Fantasy,2.4467855204147853,1,45.34629433894398,0.053957783234195936,blockbuster_franchise_only
2006,Middle Grade Fantasy,11.91851144820168,4,45.34629433894398,0.26283319556645474,blockbuster_franchise_only
2006,Mythology Adventure,4.543497551153917,1,45.34629433894398,0.10019556432093951,blockbuster_franchise_only
2006,Paranormal / Supernatural,15.055970922840311,4,45.34629433894398,0.33202207903259806,blockbuster_franchise_only
2006,Paranormal Romance,4.006514999285518,1,45.34629433894398,0.08835374660029653,blockbuster_franchise_only
2006,Romantasy,2.4467855204147853,1,45.34629433894398,0.053957783234195936,blockbuster_franchise_only
2006,Science Fiction,4.92822837663298,2,45.34629433894398,0.10867984801131929,blockbuster_franchise_only
2007,Middle Grade Fantasy,26.96455351552921,4,85.22429029801867,0.3163951664629596,blockbuster_franchise_only
2007,Mythology Adventure,12.236053639261751,2,85.22429029801867,0.14357472026430262,blockbuster_franchise_only
2007,Paranormal / Supernatural,17.30937362508753,4,85.22429029801867,0.20310375791407378,blockbuster_franchise_only
2007,Paranormal Romance,17.30937362508753,4,85.22429029801867,0.20310375791407378,blockbuster_franchise_only
2007,Romantasy,8.202615527957583,1,85.22429029801867,0.09624739026014842,blockbuster_franchise_only
2007,Science Fiction,3.202320365095061,1,85.22429029801867,0.03757520718444176,blockbuster_franchise_only
2008,Dystopian / Post-Apocalyptic,11.554781344249141,3,137.97277606129813,0.08374682074321399,blockbuster_franchise_only
2008,Epic / High Fantasy,22.288082779937227,5,137.97277606129813,0.16153971396527633,blockbuster_franchise_only
2008,Middle Grade Fantasy,36.95645248712249,8,137.97277606129813,0.2678532210637234,blockbuster_franchise_only
2008,Mythology Adventure,12.420765387008327,4,137.97277606129813,0.09002330562291554,blockbuster_franchise_only
2008,Paranormal / Supernatural,15.933932499993576,4,137.97277606129813,0.11548606148878598,blockbuster_franchise_only
2008,Paranormal Romance,15.933932499993576,4,137.97277606129813,0.11548606148878598,blockbuster_franchise_only
2008,Romantasy,4.310396289062824,1,137.97277606129813,0.03124091876753871,blockbuster_franchise_only
2008,Science Fiction,18.574432773930962,5,137.97277606129813,0.13462389685975998,blockbuster_franchise_only
2009,Dystopian / Post-Apocalyptic,9.170300811357222,2,147.01968813623915,0.06237464469969052,blockbuster_franchise_only
2009,Epic / High Fantasy,11.625663603618255,3,147.01968813623915,0.07907555614486862,blockbuster_franchise_only
2009,Middle Grade Fantasy,18.039033471647386,5,147.01968813623915,0.12269808010292542,blockbuster_franchise_only
2009,Mythology Adventure,14.903759320536738,4,147.01968813623915,0.10137254070846503,blockbuster_franchise_only
2009,Paranormal / Supernatural,40.487677983305844,10,147.01968813623915,0.27538949712494976,blockbuster_franchise_only
2009,Paranormal Romance,40.487677983305844,10,147.01968813623915,0.27538949712494976,blockbuster_franchise_only
2009,Science Fiction,12.305574962467869,3,147.01968813623915,0.08370018409415089,blockbuster_franchise_only
2010,Dystopian / Post-Apocalyptic,15.096131528789336,4,163.59525229708248,0.09227732050179158,blockbuster_franchise_only
2010,Epic / High Fantasy,21.93989632746847,3,163.59525229708248,0.13411083768877652,blockbuster_franchise_only
2010,Middle Grade Fantasy,46.686880161446624,11,163.59525229708248,0.2853804099196296,blockbuster_franchise_only
2010,Mythology Adventure,19.041297890286884,5,163.59525229708248,0.11639272914661755,blockbuster_franchise_only
2010,Paranormal / Supernatural,15.197194900827155,4,163.59525229708248,0.09289508520228724,blockbuster_franchise_only
2010,Paranormal Romance,15.197194900827155,4,163.59525229708248,0.09289508520228724,blockbuster_franchise_only
2010,Science Fiction,30.436656587436854,7,163.59525229708248,0.18604853233861027,blockbuster_franchise_only
2011,Dystopian / Post-Apocalyptic,31.87950554820894,8,165.91379511932342,0.1921449962932952,blockbuster_franchise_only
2011,Epic / High Fantasy,13.62780357687518,3,165.91379511932342,0.08213785699419515,blockbuster_franchise_only
2011,Middle Grade Fantasy,5.343019347551696,2,165.91379511932342,0.03220358707188305,blockbuster_franchise_only
2011,Mythology Adventure,5.343019347551696,2,165.91379511932342,0.03220358707188305,blockbuster_franchise_only
2011,Paranormal / Supernatural,35.565877035068986,9,165.91379511932342,0.21436359170429672,blockbuster_franchise_only
2011,Paranormal Romance,31.26924510040113,8,165.91379511932342,0.18846681843370905,blockbuster_franchise_only
2011,Science Fiction,42.88532516366578,10,165.91379511932342,0.2584795624307377,blockbuster_franchise_only
2012,Dystopian / Post-Apocalyptic,58.84819309229567,15,248.95369779068903,0.2363820807424722,blockbuster_franchise_only
2012,Epic / High Fantasy,36.73348910106218,9,248.95369779068903,0.14755149020500322,blockbuster_franchise_only
2012,Middle Grade Fantasy,10.197771820812736,3,248.95369779068903,0.040962524000694465,blockbuster_franchise_only
2012,Mythology Adventure,6.499667817230323,2,248.95369779068903,0.02610793844361774,blockbuster_franchise_only
2012,Paranormal / Supernatural,33.89906697125063,9,248.95369779068903,0.1361661516662898,blockbuster_franchise_only
2012,Paranormal Romance,24.544789011901145,7,248.95369779068903,0.09859178325014271,blockbuster_franchise_only
2012,Romantasy,27.031348540343153,7,248.95369779068903,0.10857982339780348,blockbuster_franchise_only
2012,Science Fiction,51.199371435793175,14,248.95369779068903,0.20565820829397638,blockbuster_franchise_only
2013,Dystopian / Post-Apocalyptic,43.17628501654492,12,201.07208449791182,0.21473037952711588,blockbuster_franchise_only
2013,Epic / High Fantasy,10.539939914407965,3,201.07208449791182,0.052418713123339726,blockbuster_franchise_only
2013,Middle Grade Fantasy,13.855442818135774,4,201.07208449791182,0.06890783896100539,blockbuster_franchise_only
2013,Mythology Adventure,13.855442818135774,4,201.07208449791182,0.06890783896100539,blockbuster_franchise_only
2013,Paranormal / Supernatural,40.70039757106288,10,201.07208449791182,0.20241694749767994,blockbuster_franchise_only
2013,Paranormal Romance,27.480125541229533,8,201.07208449791182,0.13666802932813343,blockbuster_franchise_only
2013,Romantasy,8.288165801850045,2,201.07208449791182,0.04121987307460435,blockbuster_franchise_only
2013,Science Fiction,43.17628501654492,12,201.07208449791182,0.21473037952711588,blockbuster_franchise_only
2014,Dystopian / Post-Apocalyptic,75.98031202763,22,240.9366362501271,0.3153539171550127,blockbuster_franchise_only
2014,Epic / High Fantasy,22.47934045456371,5,240.9366362501271,0.09329980199120445,blockbuster_franchise_only
2014,Middle Grade Fantasy,10.018654956678564,3,240.9366362501271,0.041582115167731276,blockbuster_franchise_only
2014,Mythology Adventure,7.693195739921251,2,240.9366362501271,0.03193036916118726,blockbuster_franchise_only
2014,Paranormal / Supernatural,18.916180905218365,6,240.9366362501271,0.07851101932700941,blockbuster_franchise_only
2014,Paranormal Romance,14.911464202923952,5,240.9366362501271,0.06188956746056542,blockbuster_franchise_only
2014,Romantasy,15.911517650934963,4,240.9366362501271,0.06604025813001102,blockbuster_franchise_only
2014,Science Fiction,75.02597031225628,22,240.9366362501271,0.3113929516072784,blockbuster_franchise_only
2015,Dystopian / Post-Apocalyptic,33.06986055581703,9,191.40404895805216,0.17277513582309104,blockbuster_franchise_only
2015,Epic / High Fantasy,19.976821058995366,4,191.40404895805216,0.10436989796058838,blockbuster_franchise_only
2015,Middle Grade Fantasy,6.243758523900495,2,191.40404895805216,0.0326208278136732,blockbuster_franchise_only
2015,Mythology Adventure,6.243758523900495,2,191.40404895805216,0.0326208278136732,blockbuster_franchise_only
2015,Paranormal / Supernatural,52.261866378872604,11,191.40404895805216,0.2730447274410911,blockbuster_franchise_only
2015,Paranormal Romance,20.45846840841906,6,191.40404895805216,0.10688628855966735,blockbuster_franchise_only
2015,Romantasy,8.758442003303955,2,191.40404895805216,0.04575891707088935,blockbuster_franchise_only
2015,Science Fiction,44.39107350484315,11,191.40404895805216,0.23192337751732636,blockbuster_franchise_only
2016,Dystopian / Post-Apocalyptic,26.898224940174217,7,124.54038035263513,0.215979948543694,blockbuster_franchise_only
2016,Epic / High Fantasy,32.836828536402535,6,124.54038035263513,0.26366410993306194,blockbuster_franchise_only
2016,Middle Grade Fantasy,7.466567390438831,2,124.54038035263513,0.05995298367724029,blockbuster_franchise_only
2016,Mythology Adventure,3.5281599473182443,1,124.54038035263513,0.028329445737424977,blockbuster_franchise_only
2016,Paranormal / Supernatural,17.02864567712173,3,124.54038035263513,0.13673192284225608,blockbuster_franchise_only
2016,Paranormal Romance,3.821178097168892,1,124.54038035263513,0.03068224206758688,blockbuster_franchise_only
2016,Romantasy,8.893618134711845,2,124.54038035263513,0.07141152218685726,blockbuster_franchise_only
2016,Science Fiction,24.067157629298833,7,124.54038035263513,0.19324782501187857,blockbuster_franchise_only
2017,Dystopian / Post-Apocalyptic,2.550542957353266,1,51.581823779816055,0.049446544741042917,blockbuster_franchise_only
2017,Epic / High Fantasy,33.52113174226054,6,51.581823779816055,0.649863251934441,blockbuster_franchise_only
2017,Middle Grade Fantasy,3.0364435272300527,1,51.581823779816055,0.05886654066733894,blockbuster_franchise_only
2017,Mythology Adventure,6.503163393434736,2,51.581823779816055,0.12607470843207022,blockbuster_franchise_only
2017,Romantasy,3.419999202184191,1,51.581823779816055,0.06630240948406393,blockbuster_franchise_only
2017,Science Fiction,2.550542957353266,1,51.581823779816055,0.049446544741042917,blockbuster_franchise_only
2018,Dystopian / Post-Apocalyptic,6.11190345421522,2,50.07419437968315,0.12205695029004866,blockbuster_franchise_only
2018,Epic / High Fantasy,17.739643945538077,4,50.07419437968315,0.3542671862282755,blockbuster_franchise_only
2018,Middle Grade Fantasy,3.0748123575577053,1,50.07419437968315,0.06140512884227777,blockbuster_franchise_only
2018,Mythology Adventure,3.0748123575577053,1,50.07419437968315,0.06140512884227777,blockbuster_franchise_only
2018,Paranormal / Supernatural,3.511188449787016,1,50.07419437968315,0.07011971921432704,blockbuster_franchise_only
2018,Romantasy,6.93874191102519,2,50.07419437968315,0.13856921707841754,blockbuster_franchise_only
2018,Science Fiction,9.623091904002237,3,50.07419437968315,0.19217666950437573,blockbuster_franchise_only
2019,Dystopian / Post-Apocalyptic,11.668633262972302,5,33.21339920929098,0.3513230666166854,blockbuster_franchise_only
2019,Paranormal / Supernatural,4.9380663416731885,3,33.21339920929098,0.14867693338331459,blockbuster_franchise_only
2019,Paranormal Romance,4.9380663416731885,3,33.21339920929098,0.14867693338331459,blockbuster_franchise_only
2019,Science Fiction,11.668633262972302,5,33.21339920929098,0.3513230666166854,blockbuster_franchise_only
2020,Dystopian / Post-Apocalyptic,4.06349760198001,2,20.84677741708961,0.1949220985421405,blockbuster_franchise_only
2020,Middle Grade Fantasy,2.429626191611134,1,20.84677741708961,0.11654684764943064,blockbuster_franchise_only
2020,Paranormal / Supernatural,5.145078010759228,2,20.84677741708961,0.2468044776331442,blockbuster_franchise_only
2020,Paranormal Romance,5.145078010759228,2,20.84677741708961,0.2468044776331442,blockbuster_franchise_only
2020,Science Fiction,4.06349760198001,2,20.84677741708961,0.1949220985421405,blockbuster_franchise_only
